pca_explained_variance,linear_r2,cv_r2_mean,cv_r2_std,distance_spearman,nn_recall,intrinsic_dim,step,loss,distance_held_out_loss,distance_held_out_spearman,distance_in_distribution_loss,distance_in_distribution_spearman,same_triangle_held_out_loss,same_triangle_held_out_accuracy,same_triangle_held_out_auc,same_triangle_in_distribution_loss,same_triangle_in_distribution_accuracy,same_triangle_in_distribution_auc
0.1282227247801131,0.04491809700451025,-0.006581175402038694,0.00581403547403654,-0.0029499493266390503,0.0,21.299035669311966,1,0.1305696666240692,0.06835632771253586,-0.0026258560995746625,0.06844369322061539,0.0004990455638118063,0.6226462721824646,0.8762515783309937,0.4941478618930022,0.6227108240127563,0.8762202858924866,0.49355356247677457
0.5605910755260162,0.7018803425059508,0.6436282695536967,0.019152054012584047,0.6552624800555377,0.0225,20.99644919976609,500,0.006333529949188232,0.007523887325078249,0.7863485361372906,0.007426335476338863,0.7920769936567075,0.2881712019443512,0.8834167718887329,0.8358077695625509,0.28700584173202515,0.8841677308082581,0.8376839835389687
0.605330069859314,0.9575827859757746,0.9271015470344885,0.003952405515921992,0.7880718794853397,0.07625,16.499264753073103,1000,0.00017101575213018805,0.0001828698004828766,0.9962823999217002,0.00018002305296249688,0.996362621268569,0.15704885125160217,0.9315394163131714,0.9631388561415911,0.15494099259376526,0.933760941028595,0.9641230022895761
0.6243253017777046,0.9591499463263337,0.9327418482241153,0.002959429828123671,0.8040702847613431,0.095,15.770932120395205,1500,0.00010238822142127901,0.0001060104914358817,0.997820329032729,0.00010181947436649352,0.9979252785944458,0.13589686155319214,0.9408323168754578,0.9730077729031139,0.1353958696126938,0.93951815366745,0.9731295698909977
0.6385719499825205,0.960150913072106,0.9363268027299023,0.0027978742143428,0.8172076907190071,0.10125,15.24394639959967,2000,9.32599141378887e-05,8.620932203484699e-05,0.9983474799845474,8.421582606388256e-05,0.9983850713235882,0.10982804000377655,0.9529411792755127,0.9825525557450798,0.10832219570875168,0.9531915187835693,0.9830099473728222
0.6528586883121676,0.9608563752390764,0.939452161053614,0.003256147682505197,0.8294159036789348,0.12,15.065735336754217,2500,7.392293628072366e-05,7.826487126294523e-05,0.9983489884539744,7.712882506893948e-05,0.9983477444301494,0.11111925542354584,0.9523153901100159,0.985649225993823,0.10966450721025467,0.9533166289329529,0.9860168845588866
0.667824662508733,0.9616035985884779,0.9423473353726453,0.0025168712670187807,0.8404541525810804,0.13625,14.768010010047632,3000,5.905928264837712e-05,5.5398752010660246e-05,0.9988343393085221,5.264182254904881e-05,0.9988973244570971,0.08222609758377075,0.9647371768951416,0.9913812121774355,0.07971178740262985,0.9654881358146667,0.9918493064474828
0.6812092263561084,0.9624182963723055,0.9450595644163208,0.0024993556518432126,0.8502301295779626,0.15625,14.248703937760684,3500,8.037615771172568e-05,5.904395584366284e-05,0.998719809516191,5.697294545825571e-05,0.9987652605052701,0.06458546966314316,0.9731852412223816,0.9945200502619295,0.059996165335178375,0.9759386777877808,0.995380128781256
0.6956742582957596,0.9627911110068236,0.9472216170032371,0.0018526373014149979,0.8580724948312252,0.16375,14.039906016077376,4000,7.552495662821457e-05,7.272890070453286e-05,0.9985637605051932,7.062034273985773e-05,0.9986229419043549,0.04670974239706993,0.982102632522583,0.9972490012732511,0.045428622514009476,0.9821339249610901,0.9974285234999651
0.7080202180074624,0.9639546153739702,0.9498001928194654,0.00264015195559097,0.8653525924866021,0.1775,13.526144512254675,4500,7.275590905919671e-05,6.594791921088472e-05,0.9986754622295361,6.458450661739334e-05,0.9987121928192415,0.036902885884046555,0.9859198927879333,0.998365426437531,0.03462018445134163,0.9871401786804199,0.9985386404426697
0.7216590562829361,0.9643810643406382,0.9515877055111416,0.0024813808171039726,0.8709801034231721,0.20375,12.72922403896824,5000,0.00011044833809137344,8.540125418221578e-05,0.9985167320334364,8.408877329202369e-05,0.9985507730714122,0.02965199388563633,0.9893304109573364,0.9989869788016451,0.028058504685759544,0.9893304109573364,0.9990975397274606
0.7308928549979272,0.9655701676471679,0.9534610586483533,0.003371943371356728,0.876008228802365,0.225,11.608688369190547,5500,7.478901534341276e-05,5.8935136621585116e-05,0.9987113606815995,5.7285811635665596e-05,0.9987479181772254,0.021420026198029518,0.9921464323997498,0.9994994482428301,0.020536355674266815,0.9926470518112183,0.9995593670787172
0.739744129032424,0.9665589139657652,0.9554549739686233,0.002498408547087147,0.8804431182568397,0.25,11.138817496634157,6000,5.074634827906266e-05,6.694986223010346e-05,0.998659772148705,6.484992627520114e-05,0.9987096634022637,0.01839677058160305,0.9933041334152222,0.999770981838849,0.018566986545920372,0.9934918880462646,0.9997660308241391
0.7463769701595472,0.9677782610923615,0.9573341675183586,0.0029013331121773866,0.8834512677715062,0.25375,10.839170584276523,6500,5.31815348949749e-05,6.437468255171552e-05,0.9991440189683899,6.409257184714079e-05,0.9991522683688342,0.01093745045363903,0.9962453246116638,0.9998501531806109,0.011261876672506332,0.9962453246116638,0.9998260486115735
0.7529393727577017,0.9685753407689403,0.9587891232563595,0.002630695146767232,0.8864669378635031,0.285,10.033197137126082,7000,4.7715944674564525e-05,3.375866072019562e-05,0.9992718820646064,3.241664671804756e-05,0.9992940106960351,0.009166714735329151,0.9966520667076111,0.999914400331709,0.00781164551153779,0.9971526861190796,0.999943159571744
0.7575362337846483,0.9689281374124392,0.9596701429947005,0.0023977396939702652,0.8880775621150019,0.29625,10.009580556895573,7500,3.1733095966046676e-05,4.2050127376569435e-05,0.9991474795677326,4.1747847717488185e-05,0.9991568190213829,0.005607002880424261,0.9981852173805237,0.9999603195293598,0.005019146017730236,0.998310387134552,0.9999701580981715
0.7602769057500942,0.9699557185723238,0.9612479752216828,0.002532887303265913,0.8901537259123121,0.30625,9.860569310392844,8000,2.9188642656663433e-05,3.0428811442106962e-05,0.9993423137057662,2.984797720273491e-05,0.9993549150099615,0.015226075425744057,0.9944931268692017,0.9996828993197215,0.013541449792683125,0.9948685765266418,0.9997556773270437
0.7622042074577594,0.9705491872251184,0.9622181366069125,0.0025203141495884064,0.8912408942385226,0.3175,9.588788099605745,8500,2.8854041374870576e-05,3.144200309179723e-05,0.9993286057052511,3.096067302976735e-05,0.9993405296925855,0.003287882311269641,0.9990300536155701,0.9999909082516645,0.003277406096458435,0.9990613460540771,0.9999904769490535
0.7642856809937617,0.9713703089595079,0.9632824886443367,0.0026458306981632265,0.8917390323813101,0.3275,9.47372836766154,9000,6.200582720339298e-05,3.6915280361426994e-05,0.9992319051432654,3.603538789320737e-05,0.9992602164148444,0.02688235603272915,0.9920525550842285,0.9997153930657586,0.026895420625805855,0.9919586777687073,0.9997134148393361
0.765164256403881,0.9718586428383463,0.9641467930535095,0.0026676415609649686,0.8919858005847612,0.34375,9.045114389179643,9500,4.544658804661594e-05,3.0655071896035224e-05,0.9993357550599954,2.9903889299021102e-05,0.9993491807343993,0.002773681189864874,0.9991239309310913,0.9999918291636111,0.0030860891565680504,0.9989674687385559,0.9999851512617943
0.7647152656205934,0.9720994955815523,0.9646411053813753,0.0024357023610265785,0.8929262547061975,0.37625,9.195312642562671,10000,6.581575144082308e-05,5.594894173555076e-05,0.9989785799638321,5.634676563204266e-05,0.9989960536343766,0.004450572654604912,0.9985607266426086,0.999970079390284,0.004686346743255854,0.9982478022575378,0.9999683166741021
0.765766689655524,0.9726213707806549,0.9655001030512548,0.0028174560683545576,0.8928323488150037,0.3675,8.829731299913297,10500,1.8869204723159783e-05,3.556731462595053e-05,0.9992233439706666,3.4879514714702964e-05,0.9992374213305529,0.003950269427150488,0.9984981417655945,0.9999806879347668,0.003529235487803817,0.9988110065460205,0.9999849436502571
0.764931940628005,0.9732011451611506,0.9663375556024315,0.0029071624532580496,0.8944203543614807,0.38375,8.471036619650752,11000,2.9960519896121696e-05,3.796850796788931e-05,0.9994789626539962,3.7728626921307296e-05,0.9994797299370254,0.0029734820127487183,0.9989674687385559,0.9999892469987413,0.003297157119959593,0.998998761177063,0.9999770995447855
0.7645293522651996,0.9735995282952322,0.9668858963537987,0.0026536946911025067,0.8953611725201868,0.39,8.45632355957972,11500,3.664307587314397e-05,2.8337039111647755e-05,0.9994176189277213,2.758598384389188e-05,0.9994413954893668,0.004292552825063467,0.9985920190811157,0.9999668110557285,0.0042985896579921246,0.9985294342041016,0.9999701851779371
0.7642912677572431,0.9738542140052738,0.9674473564419517,0.0025363941332206073,0.8954081668215629,0.39125,8.325055455810284,12000,2.0152103388682008e-05,2.2460071704699658e-05,0.9995495661888003,2.2370291844708845e-05,0.999558950996011,0.0017488902667537332,0.9995619654655457,0.9999970747502873,0.0017948215827345848,0.9994993805885315,0.9999950985624039
0.7636730723941783,0.974078079370371,0.9679611236825247,0.0023291360769006598,0.8957720434639204,0.39875,8.507687708697038,12500,2.5873270715237595e-05,2.3546041120425798e-05,0.9994961180099456,2.301149652339518e-05,0.9995140634129035,0.0026310498360544443,0.9990613460540771,0.999993029960561,0.002536801854148507,0.9991864562034607,0.9999955769715982
0.7615456170930488,0.9744785461509257,0.9685414509249781,0.002393860351385053,0.8966272082734698,0.42125,8.064033532730095,13000,3.936965003958903e-05,2.8148602723376825e-05,0.9994094719687142,2.7296217012917623e-05,0.9994297636470704,0.0010464363731443882,0.9996245503425598,0.999998871431438,0.0013067979598417878,0.9995306730270386,0.9999982217620509
0.7604004249100338,0.9742837838250293,0.9684232063651648,0.0026425178022589342,0.8950252629159373,0.41375,7.766709942414087,13500,3.0499882996082306e-05,5.297843745211139e-05,0.9991910962818892,5.2663606766145676e-05,0.9992023346842648,0.002232868690043688,0.9992177486419678,0.9999937251587953,0.002865404123440385,0.9990613460540771,0.9999851151554401
0.7584139644252572,0.974835459621781,0.9690686474496657,0.002460005779398716,0.8951411711251264,0.42875,7.67736294167338,14000,1.3247183233033866e-05,1.9377968783373944e-05,0.9995777180769103,1.873758628789801e-05,0.9995912815458601,0.000633290852420032,0.9998435378074646,0.9999996569151572,0.000886155292391777,0.9996558427810669,0.9999990522081996
0.7575070537495939,0.9754772392407768,0.9699100965799812,0.002287738077695911,0.8962426947820974,0.42625,7.624342760669637,14500,1.4064950846659485e-05,2.00805880012922e-05,0.999571483405175,1.967936441360507e-05,0.9995834171297125,0.001384242670610547,0.9995932579040527,0.9999992145162808,0.001805917825549841,0.9991864562034607,0.9999997201757542
0.7558656171347217,0.9755932439310511,0.9701539598937016,0.0025626136904296735,0.8964605829218854,0.4225,7.574168716817214,15000,2.0417726773303002e-05,2.3699940356891602e-05,0.9995032270278242,2.323903208889533e-05,0.9995134327681942,0.0013076775940135121,0.9995619654655457,0.9999983387470768,0.0016074086306616664,0.9993429183959961,0.9999983571608793
0.7542701716225664,0.9755650439783279,0.9701876761841428,0.0020179439734625756,0.89553438171309,0.4375,7.289307385071873,15500,1.4382676454260945e-05,1.8667473341338336e-05,0.9996089473034899,1.8268465282744728e-05,0.9996201466931901,0.0014092504279688,0.9995932579040527,0.9999983748612707,0.001570349559187889,0.9994680881500244,0.9999974364488448
0.751807400968097,0.9757050811207764,0.970566263605814,0.0019459912686665012,0.8956753184629693,0.44125,7.423594717343067,16000,1.863946636149194e-05,2.6540434191701934e-05,0.999461464485144,2.626040077302605e-05,0.999473569265097,0.0007866689120419323,0.9997496604919434,0.9999988894885349,0.0012759343953803182,0.9995932579040527,0.9999975267147305
0.7504992785030222,0.9761717942088473,0.9711022372495238,0.0019747943913048997,0.8955275233566136,0.46875,7.347347779447158,16500,2.337908517802134e-05,3.8598893297603354e-05,0.9995588602674349,3.773538628593087e-05,0.99957568428376,0.002630313392728567,0.9989674687385559,0.9999965330373776,0.002630779519677162,0.9989674687385559,0.9999950082965181
0.7484466370053343,0.9762418277868775,0.9712859249617878,0.0021691980618762903,0.8952506792625766,0.44875,7.2657735891654465,17000,1.8127853763871826e-05,1.871263339126017e-05,0.9996114994460226,1.8481807273929007e-05,0.9996134046559073,0.0008480004617013037,0.9997809529304504,0.9999978963482004,0.0006625740206800401,0.9998435378074646,0.9999996840694
0.7475058212999262,0.976288479723652,0.9714581268889158,0.001976526353606782,0.8951396646259264,0.45625,7.072315408128167,17500,1.5083145626704209e-05,2.4560227757319808e-05,0.9994504427405129,2.398843389528338e-05,0.999464911986515,0.0014415349578484893,0.9995932579040527,0.9999960184101133,0.0007547556888312101,0.9998122453689575,0.9999993500856227
0.7450677541658223,0.9763241851116758,0.97156044742844,0.0019525959113173672,0.8946836236203919,0.46125,7.0637145633597305,18000,2.0339080947451293e-05,2.1247233235044405e-05,0.9995418206402152,2.103374026773963e-05,0.9995455976773421,0.0024003933649510145,0.9991552233695984,0.9999922083626479,0.0022964414674788713,0.9991239309310913,0.9999934196169289
0.7443173047614235,0.9763971016182735,0.9718030850667774,0.0018953621666400883,0.894723410424889,0.45625,7.125887833411691,18500,1.5603665815433487e-05,1.5341807738877833e-05,0.9997008219009761,1.4615631698688958e-05,0.9997215228528271,0.0008806309197098017,0.999687135219574,0.9999991784020869,0.0007720495923422277,0.9997496604919434,0.9999989438891367
0.7424907684849791,0.9765924869974429,0.9719531579861582,0.0018257979941445103,0.8950497073952558,0.48,7.0579467743234146,19000,2.0805769963772036e-05,1.9370663721929304e-05,0.9996513704436678,1.872454049589578e-05,0.999662567755869,0.002154016401618719,0.999311625957489,0.9999949259557451,0.0020380292553454638,0.9992490410804749,0.9999973552095475
0.7406021974327324,0.9765296232524602,0.9721151414456642,0.0019102548916835544,0.8940558186892795,0.46125,6.690478659891194,19500,1.2735747986880597e-05,1.5661771612940356e-05,0.9996723793646962,1.500867529102834e-05,0.9996877687281985,0.0005909792380407453,0.9998122453689575,0.9999995756582207,0.0005541691789403558,0.9998748302459717,0.9999990702613768
0.7386410375811191,0.9764704425025391,0.9721182191099216,0.002062145654809031,0.8939201173243316,0.47,6.70792288128308,20000,2.1528638171730563e-05,1.984096525120549e-05,0.9995753132350272,1.9231709302403033e-05,0.9995921565411645,0.0057772072032094,0.9985920190811157,0.9999591729037008,0.0057493108324706554,0.9987171292304993,0.999952799968342
0.7380163380364985,0.9768972899448234,0.972619707112802,0.0018786436025324206,0.8940340446953501,0.48375,6.692877119472515,20500,9.667384802014567e-06,2.0613228116417304e-05,0.9996715996228447,1.9647528461064212e-05,0.9996853444310024,0.0017383182421326637,0.9993429183959961,0.9999974900635181,0.0017608465859666467,0.9993429183959961,0.9999983391077022
0.7358156753135563,0.976684070769447,0.9725449757139414,0.0020183486112052384,0.8939089173191263,0.48375,6.820667920344432,21000,1.1003467079717666e-05,1.664138471824117e-05,0.9996649853220035,1.6079089618870057e-05,0.9996782385828293,0.0005250256508588791,0.9998122453689575,0.999999891657418,0.0011923547135666013,0.9996245503425598,0.9999978245921535
0.7345397233640574,0.976950793279411,0.9729334547035233,0.0021007183071927284,0.8932654793486734,0.48625,6.829861877390854,21500,1.7455355191486888e-05,2.6358342438470572e-05,0.9996371837090106,2.5322888177470304e-05,0.9996563695313674,0.00046479914453811944,0.9998748302459717,0.9999997833148361,0.0008243139600381255,0.999718427658081,0.9999992598197368
0.7335319596204484,0.9768254769860649,0.9728845979927072,0.001978080030994586,0.8930431612689259,0.4975,6.576539750246122,22000,1.2174130461062305e-05,1.3542719898396172e-05,0.9997119187097668,1.2656130820687395e-05,0.9997319370820134,0.012200598604977131,0.9959636926651001,0.999916260212699,0.01343511138111353,0.9958385229110718,0.9999181107884487
0.7306870642157934,0.9768025051771235,0.9729325796001099,0.0020769130582785214,0.8940744027421167,0.49125,6.500375709339612,22500,8.31311808724422e-06,1.2668153431150131e-05,0.9997763096947206,1.215818429045612e-05,0.9997869988823495,0.00036085877218283713,0.9999061226844788,0.9999999187430635,0.0004945631953887641,0.9998748302459717,0.9999997111491655
0.7295374263690905,0.9767860408158554,0.9729281791868946,0.002080035492567684,0.8935017313999293,0.48375,6.414297406424641,23000,1.7779137124307454e-05,1.593777233210858e-05,0.9996675152002104,1.5042503946460783e-05,0.9996882422869818,0.00038295891135931015,0.9999061226844788,0.9999998194290302,0.00030896603129804134,0.9998748302459717,0.9999999548670571
0.7284161562772387,0.9771111120746898,0.9733756854610979,0.002144532663918503,0.8934635818194905,0.49375,6.514897120775756,23500,1.0646847840689588e-05,1.4795958122704178e-05,0.9997030059591366,1.4328285033116117e-05,0.9997129564988936,0.00042707117972895503,0.9998748302459717,0.9999999006859666,0.0006019653519615531,0.9998122453689575,0.9999996118566913
0.7274638590580571,0.9769773532797731,0.9733432875647748,0.002003020989271589,0.8925183891833676,0.495,6.336781690983761,24000,1.4061754882277455e-05,1.731460179144051e-05,0.999649178686016,1.670660640229471e-05,0.9996592123540512,0.00271890708245337,0.9990300536155701,0.9999930841318521,0.002126488368958235,0.9991864562034607,0.99999632617845
0.7246990066882137,0.9772745665986804,0.9737007639856639,0.001980975941153096,0.8927955821623202,0.505,6.40692671780726,24500,1.2771763977070805e-05,1.254702601727331e-05,0.9997501103664198,1.1935856491618324e-05,0.999761215274374,0.0002925794688053429,0.9998748302459717,0.9999999638858061,0.0006131232366897166,0.9998122453689575,0.9999987723839538
0.7242876201630851,0.9773170124377522,0.973812259477905,0.0017831201378399142,0.8924832194912532,0.5025,6.342514070899189,25000,1.586772305017803e-05,1.6635078281979077e-05,0.9996933726018614,1.6213636627071537e-05,0.9997032989196091,0.00037004140904173255,0.9998748302459717,0.999999873600321,0.0006083748303353786,0.9997809529304504,0.9999997743352858
0.7234500982833775,0.977275781330825,0.973801979645551,0.0019529706082171063,0.8921714530799237,0.51,6.351260478975742,25500,1.334735679847654e-05,1.4237371942726895e-05,0.9997662114148594,1.384455208608415e-05,0.999777100814255,0.0005653765401802957,0.9998435378074646,0.9999993680016053,0.0005753757432103157,0.9997809529304504,0.999999575750337
0.7203216823945064,0.9770472815061912,0.9736125838976527,0.0015671854369096502,0.8914131126214684,0.51,6.4257533218606255,26000,8.321773748320993e-06,1.0444467079651076e-05,0.9998024444306084,9.624422091292217e-06,0.9998175920163974,0.0009660912910476327,0.9995932579040527,0.9999998284575785,0.0004047777911182493,0.9999061226844788,0.9999997833618742
0.7196872371797927,0.9770833830977456,0.9736808052189574,0.001662030816970385,0.8916582480717911,0.50375,6.258592615455338,26500,1.0233823559246957e-05,1.3204265997046605e-05,0.9997418062701171,1.2552286534628365e-05,0.999754653988954,0.00028665363788604736,0.9999374151229858,0.999999981942903,0.0003116904990747571,0.9999061226844788,0.9999999187607028
0.7186752975997769,0.9773701064121615,0.9740597713361179,0.0015982742220233789,0.8912517531257166,0.505,6.398833837775168,27000,1.1748039469239302e-05,1.2530888852779754e-05,0.9997434642713589,1.1833602911792696e-05,0.9997590103767486,0.00028753731749020517,0.9999374151229858,0.9999999819429028,0.0002571006480138749,0.9999687075614929,0.9999999729202343
0.7176702367035751,0.9775318314810879,0.9742580242815233,0.001719025281376556,0.8904321763958201,0.515,6.271734034807416,27500,1.2113696357118897e-05,1.5665336832171306e-05,0.9996606528870499,1.5180737136688549e-05,0.9996727417959199,0.0002867368166334927,0.9999374151229858,0.9999999729143545,0.0002275546285090968,0.9999374151229858,0.9999999909734114
0.7168490280770149,0.977443403059249,0.9741974598765338,0.0016460367290442152,0.8904252687710887,0.50375,6.156756357394314,28000,7.419712801493006e-06,1.1750986232073046e-05,0.9997878651296893,1.1194659236934967e-05,0.9997991706285929,0.0003229148278478533,0.9998748302459717,0.9999999097145151,0.0004501098010223359,0.9998122453689575,0.9999998104416399
0.7141908705065052,0.9772330263171581,0.9739782771694914,0.0016992954394299527,0.8900551824154702,0.49,6.174594036197953,28500,1.1197248568350915e-05,1.7292288248427212e-05,0.9996373496749354,1.6810539818834513e-05,0.9996463312127716,0.007418438326567411,0.9978097677230835,0.9999248102481249,0.005770927295088768,0.9980600476264954,0.9999548399773599
0.713348114823086,0.977536830269916,0.974379283233669,0.0016299471200810585,0.8906292054280793,0.4925,6.173490036333968,29000,9.385581506649032e-06,1.5943922335281968e-05,0.9997689787834645,1.5321136743295938e-05,0.9997804326481887,0.0003723232657648623,0.9999061226844788,0.9999998555432241,0.0003343136340845376,0.9998435378074646,0.9999999187607028
0.7126384826255427,0.9775300696909303,0.9743808120842141,0.0019907855496996644,0.8901380682085326,0.5125,6.185173923034553,29500,1.520888054074021e-05,1.4478127923212014e-05,0.9997138189522935,1.3603894331026822e-05,0.9997299919095207,0.00043594537419267,0.9999374151229858,0.9999994853727358,0.00035540867247618735,0.9998748302459717,0.9999999729202342
0.7116573345959952,0.977629882238005,0.9745691139081819,0.0019658780773269577,0.8901173554092412,0.5125,6.0676778327109355,30000,8.992552466224879e-06,1.4511206245515496e-05,0.9997180319678463,1.3858073543815408e-05,0.999729403480969,0.0007585147395730019,0.9998122453689575,0.9999984922324011,0.0004049021517857909,0.9998748302459717,0.9999999187607027
0.7106961787984054,0.9776359719148924,0.9745966507892383,0.0018508752117429906,0.8893246304404354,0.51875,6.207054931039012,30500,8.326510396727826e-06,9.185295311908703e-06,0.9998191977772433,8.703402272658423e-06,0.9998277821925365,0.0006526954239234328,0.9998122453689575,0.9999992325733779,0.0005196018028073013,0.9998748302459717,0.9999997833618742
0.7085093566639749,0.9774917166730499,0.9745299650531489,0.0015857347871121505,0.8891197814515873,0.51125,6.211879618960755,31000,1.3978080460219644e-05,1.5529923985013738e-05,0.9997116664439984,1.4740693586645648e-05,0.9997274455958243,0.0702153816819191,0.9860450625419617,0.9987416099391679,0.06732358783483505,0.9866395592689514,0.9985975389331208
0.7072948732380608,0.9775797470124044,0.9746332683751971,0.0016082869146733616,0.888939619767408,0.5025,6.184056771687527,31500,8.908833478926681e-06,9.961322575691156e-06,0.9998058364948832,9.452336598769762e-06,0.9998175870317245,0.00011030247696908191,1.0,1.0,0.0002024500718107447,0.9999687075614929,0.9999999729202343
0.7068721388855315,0.9776809675469574,0.9747516849108736,0.0017601420415548743,0.888939247308826,0.51125,6.1620765188351205,32000,1.7565509551786818e-05,1.3860450962965842e-05,0.9997317501882176,1.343050280411262e-05,0.9997385000651361,0.00017145938181784004,0.9999687075614929,1.0,0.0001861649943748489,0.9999687075614929,1.0
0.705778905967721,0.9775021478114011,0.9746021361846082,0.0015831950068745798,0.8883565368934061,0.50875,6.248217281994722,32500,1.5110777894733474e-05,2.395813680777792e-05,0.9996065059720981,2.3340351617662236e-05,0.9996215530260859,0.00030180878820829093,0.9998748302459717,0.9999999097145151,0.0002370933652855456,0.9999374151229858,0.9999999909734114
0.704954007143102,0.9777289484382913,0.9748644731044749,0.0016068828139184934,0.8882598343102515,0.50625,6.209454165166546,33000,7.199399533419637e-06,1.2354831596894655e-05,0.9997416791036224,1.1802320841525216e-05,0.9997513316846384,0.00034071048139594495,0.9998122453689575,0.999999909714515,0.0002807159617077559,0.9999374151229858,0.9999999819468228
0.704005399675467,0.9776419702407007,0.9748275826991604,0.001756442938866477,0.88767647658781,0.51375,6.186325341985984,33500,1.378834895149339e-05,1.3718576155952178e-05,0.999722404629113,1.325475750491023e-05,0.9997331086922622,0.0004310568911023438,0.9998435378074646,0.9999998645717725,0.0006270818994380534,0.9998435378074646,0.9999995306173941
0.7018499237939089,0.9775249724049982,0.9747159474911914,0.0016903610444673083,0.8873806501609945,0.52375,5.927061832968728,34000,7.2954649112944026e-06,9.254642463929486e-06,0.9998132745143864,8.735687515581958e-06,0.9998253991658778,0.00022899286705069244,0.9999687075614929,0.9999999819429028,0.0003010636428371072,0.9999061226844788,0.9999999729202342
0.701125444849636,0.9774690521802707,0.9746708103525543,0.001784973595889956,0.8862270175879501,0.50625,5.845570778935952,34500,2.0125555238337256e-05,1.5199878362182062e-05,0.9996609503476304,1.4476819160336163e-05,0.9996789574235837,0.00033615034772083163,0.9999061226844788,0.9999998826288695,0.00022880872711539268,0.9999061226844788,0.9999999819468228
0.7004135839762169,0.9776068951406023,0.9748619852990785,0.0016500020185147375,0.8861406100604571,0.5125,5.928656841149394,35000,6.926417427166598e-06,1.0419554200780112e-05,0.9997947871800734,9.900311852106825e-06,0.9998076939154036,0.00015861216525081545,1.0,1.0,0.0001594302011653781,0.9999687075614929,1.0
0.6995831338738424,0.9776719100273623,0.9749554579061662,0.0015639675858849177,0.8858244736723578,0.51375,5.9706255770480245,35500,8.472351510135923e-06,1.0239064067718573e-05,0.999792893875121,9.835876880970318e-06,0.9998019804449366,0.0005164758767932653,0.9998122453689575,0.999999927771612,0.0005465677240863442,0.9998122453689575,0.9999999458404685
0.6987119284076957,0.9776420009789814,0.9749484730205934,0.0017853323985165188,0.8855390633664258,0.5225,5.959318050700892,36000,7.931841537356377e-06,1.0936561011476442e-05,0.9997990693710305,1.0212344022875186e-05,0.9998123186142606,0.0003110745456069708,0.9999061226844788,0.9999998645717726,0.0003464741457719356,0.9999061226844788,0.9999999548670572
0.697875822961934,0.9778420725299405,0.9751469771514243,0.0017244023981723723,0.8852512803215931,0.5175,5.899747703132632,36500,5.516291821550112e-06,8.115628588711843e-06,0.9998382824115603,7.616875336680096e-06,0.9998464264745683,0.00036714004818350077,0.9999061226844788,0.9999998645717726,0.00017336571181658655,0.9999687075614929,1.0
0.6957202892674588,0.977664381933832,0.9749694620695475,0.001701742272170697,0.8852547958486758,0.51625,6.033190998260622,37000,6.439521257561864e-06,9.51722358877305e-06,0.9998234070368771,8.859838999342173e-06,0.9998345738655503,0.00020572984067257494,0.9999687075614929,0.9999999909714514,0.0005063890130259097,0.9998435378074646,0.9999992237133825
0.694950917887462,0.97781347783045,0.9751745660366474,0.0017183219154037553,0.8850654583750907,0.5125,5.888245515303646,37500,8.785642421571538e-06,1.0918340194621123e-05,0.999775706307557,1.0665125046216417e-05,0.9997826033776209,0.0001560599048389122,0.9999687075614929,1.0,0.00019360605801921338,0.9999374151229858,1.0
0.6943772188880258,0.9777848789271442,0.975199695561151,0.0017715436913880455,0.8851555445005449,0.52125,5.881395367177958,38000,5.9598319239739794e-06,9.410146958543919e-06,0.9998127600706643,8.816179615678266e-06,0.9998238450547443,0.00013889688125345856,1.0,1.0,0.00031084942747838795,0.9998748302459717,0.9999998194682285
0.6936178794144565,0.9777751214094544,0.9751686106771661,0.00170673160262974,0.8843124569813207,0.5225,5.988102882096886,38500,1.2418549886206165e-05,1.850507214840036e-05,0.9996956504310853,1.8101844034390524e-05,0.9997054569786625,0.0001605480065336451,1.0,1.0,0.0003140268090646714,0.9998748302459717,0.9999998826543486
0.6919784895522697,0.9777518115057616,0.9751575691948995,0.0015292024153486586,0.8838528138566842,0.53,5.914081238119592,39000,1.2331712241575588e-05,1.4628641110903118e-05,0.9996891841088176,1.4089226169744506e-05,0.9997011964163784,0.0004608441377058625,0.9998435378074646,0.9999999458287091,0.0009880869183689356,0.9996245503425598,0.9999996930959885
0.6918528670789162,0.97788483976687,0.9752727694672771,0.0016833551061415895,0.8838772800644168,0.51625,5.943903116794541,39500,6.750799457222456e-06,8.945739864429925e-06,0.9998151295148658,8.303089998662472e-06,0.9998287172384325,0.000129677850054577,0.9999687075614929,1.0,0.00012864811287727207,0.9999687075614929,0.9999999909734114
0.6909828948780763,0.9779729653137684,0.9753869937292443,0.001613348585434988,0.8841521724326638,0.525,5.9999512161996265,40000,6.030474651197437e-06,9.051878805621527e-06,0.9998337276885317,8.429413355770521e-06,0.9998470775999752,8.914298086892813e-05,0.9999687075614929,1.0,0.00010782736353576183,0.9999687075614929,1.0
0.6900425473378686,0.9780302892097612,0.9754773821280782,0.0016240987795488094,0.8834365789966809,0.54375,5.889994518106745,40500,5.451465767691843e-06,1.004677324090153e-05,0.9998105431325219,9.338401468994562e-06,0.9998223072113867,8.033519407035783e-05,1.0,1.0,0.00018431611533742398,0.9999374151229858,1.0
0.6892440279419101,0.9779106451330463,0.9753539606639536,0.0014512944964445648,0.8828910572717568,0.52125,5.891056392656488,41000,6.566626325366087e-06,9.476282684772741e-06,0.9998245206290176,8.939751751313452e-06,0.9998356246359474,0.00030306572443805635,0.9999374151229858,0.9999999909714515,0.00020514735660981387,0.9999374151229858,0.9999999729202342
0.6870915211169382,0.9778040069389081,0.9752606748272521,0.001577439631886475,0.8827666353279322,0.52625,5.743784338702651,41500,1.2007988516415935e-05,1.2104474990337621e-05,0.9997533240387452,1.149529362010071e-05,0.9997679355367742,0.004972345195710659,0.9982165098190308,0.999966783970083,0.006023847032338381,0.9983729720115662,0.9999330136861858
0.6868896493009088,0.9779790481177144,0.975429194143764,0.0014998068183683486,0.8830212512705431,0.53,5.885295841993468,42000,3.6025530789629556e-06,7.41770418244414e-06,0.9998780996182639,6.755734375474276e-06,0.9998891153243125,7.559727237094194e-05,1.0,1.0,0.00015162196359597147,0.9999687075614929,0.9999999909734114
0.6864208185851548,0.9780746149163781,0.9755520810881858,0.0016133575930645768,0.88224764644855,0.51,5.897287798573349,42500,6.915401627338724e-06,1.0462753380124923e-05,0.9997794518312688,1.0188811756961513e-05,0.9997834412658692,0.00013610528549179435,0.9999687075614929,0.9999999909714515,0.0002527221222408116,0.9999374151229858,0.9999999187607028
0.685787524152514,0.9778759968186367,0.9753324630626995,0.0014366922282391076,0.8817037860020898,0.52625,5.815196652186807,43000,6.413997198251309e-06,1.0545671102590859e-05,0.9998103445317043,1.0043325346487109e-05,0.9998203614780479,0.0002357738121645525,0.9998748302459717,0.999999963885806,0.00020152136858087033,0.9999374151229858,0.9999999819468228
0.6849244346591294,0.9779606748748996,0.9754765206331282,0.0014267198270555542,0.881577480946102,0.51625,5.9496209030685,43500,5.545901331061032e-06,8.784081728663296e-06,0.9998496340278964,8.244730452133808e-06,0.9998572884336226,0.00018254578753840178,0.9999061226844788,0.9999999819429031,0.00018572821863926947,0.9999374151229858,0.9999999819468228
0.6830730324870351,0.9777917705654203,0.9753129272250198,0.001213482997245954,0.8813938734862878,0.51125,5.817542098361786,44000,7.4682129707071e-06,1.1618131793511566e-05,0.9998012182670413,1.0936855687759817e-05,0.999809112187363,0.006072100717574358,0.9981852173805237,0.9999381093000596,0.005072939675301313,0.998310387134552,0.9999513557141699
0.6824328070680323,0.9779186261477765,0.9754225542246348,0.001254218134445549,0.881603624182127,0.51,5.829501313336583,44500,1.1224715308344457e-05,1.0378470506111626e-05,0.9998034937647483,1.0128819667443167e-05,0.999811422285179,0.00037537896423600614,0.9999687075614929,0.9999950974981666,7.991716847755015e-05,1.0,1.0
0.6818431794234856,0.9778463233584777,0.9753760346152609,0.001299612311847084,0.8812107356858632,0.53375,5.732603615427051,45000,9.773501005838625e-06,7.782705324643757e-06,0.9998400494695385,7.347952305281069e-06,0.9998493272323767,0.00033762468956410885,0.9999687075614929,0.9999972462927088,0.0001223441940965131,0.9999687075614929,0.9999999909734114
0.681170539212999,0.977965238673644,0.9755330710944277,0.0013107585277917079,0.880776905952504,0.52875,5.762407095023828,45500,6.2377007452596445e-06,7.851658665458672e-06,0.999851954298057,7.208350780274486e-06,0.9998645694080049,0.0003036843554582447,0.9999687075614929,0.9999984109754647,7.780140003887936e-05,1.0,1.0
0.6804888636144005,0.9778719202392975,0.9754331921698721,0.0012605330425239402,0.8802621334156482,0.525,5.807652836573841,46000,4.984599399904255e-06,7.219947292469442e-06,0.9998573889824985,6.764866611774778e-06,0.9998671067498964,0.00026840754435397685,0.9999687075614929,0.9999993770301538,9.469081851420924e-05,1.0,1.0
0.6797957790183916,0.9778562265325449,0.9754337397047592,0.0012745522000964567,0.8794144231387963,0.5275,5.843888166971133,46500,5.417693046183558e-06,9.723013135953806e-06,0.999796911427493,9.36303422349738e-06,0.9998021170524609,0.0002447591396048665,0.9999374151229858,0.9999999187430635,0.00018194832955487072,0.9999687075614929,1.0
0.6792899027885387,0.9780303643926108,0.9756058964581189,0.0013380313845462503,0.8795023951138382,0.52125,5.79356815201189,47000,7.165113856899552e-06,7.444903985742712e-06,0.9998587736470198,7.1556391958438326e-06,0.9998649110848786,0.0003221688966732472,0.9999687075614929,0.9999981942903008,8.567678014514968e-05,1.0,1.0
0.6774654317976931,0.977977733102335,0.975584467379863,0.0011873287182087384,0.8793194613738516,0.52625,5.629184147237845,47500,1.2608183169504628e-05,9.34079162107082e-06,0.9998117558959561,8.872542821336538e-06,0.9998187467729357,0.0006504468037746847,0.9997809529304504,0.9999996027438662,0.0005744080990552902,0.9998122453689575,0.9999997743352856
0.6771410021273133,0.9780060871704253,0.9756328253752476,0.0013493338737356612,0.8794117013456705,0.54125,5.609630853740816,48000,3.5195321288483683e-06,6.245420081540942e-06,0.999879236689883,5.863269052497344e-06,0.9998873015462164,0.00012448604684323072,0.9999687075614929,0.9999999909714515,0.00012150573456892744,0.9999687075614929,1.0
0.6763636330804175,0.9778893757439593,0.9755361189303793,0.001314734190268045,0.8788206090525846,0.5225,5.663356243351487,48500,6.990842848608736e-06,1.1275983524683397e-05,0.9997869425121166,1.0731641850725282e-05,0.999795328035728,0.00011999798152828589,1.0,1.0,0.00011040400568163022,1.0,1.0
0.6759470650319271,0.9780216439428705,0.9756516892553366,0.0014372155711281135,0.878927345662214,0.52625,5.756574918822903,49000,6.407714863598812e-06,8.540774615539704e-06,0.9998506916211799,7.97428765508812e-06,0.9998594098563153,0.00013366360508371145,0.9999687075614929,0.9999999909714515,0.00010974682663800195,0.9999687075614929,1.0
0.675357939634269,0.9779450396729231,0.9755573119574755,0.0013036196479423222,0.8785795000903456,0.52375,5.760424829963291,49500,9.535247954772785e-06,1.2804489415429998e-05,0.9997291282082548,1.2461842743505258e-05,0.9997338117735215,0.0002185729390475899,0.9999374151229858,0.9999999909714515,0.00017910303722601384,0.9999374151229858,1.0
0.6743436807823313,0.9779001488149422,0.975515146252293,0.0012716692957854055,0.8778234694472706,0.5275,5.829344453132957,50000,7.500723313569324e-06,1.201518807647517e-05,0.9997571760603239,1.1531940799613949e-05,0.9997672853708628,0.00031187586137093604,0.9998435378074646,0.9999999548572575,0.0005247903754934669,0.9998122453689575,0.9999997382289313
0.6740154819063298,0.9780431384503525,0.9757012315638667,0.001123353094302708,0.877816373156993,0.5375,5.820545248725089,50500,5.671417056873906e-06,7.230063602037262e-06,0.9998580284653933,6.797326932428405e-06,0.9998634619919798,0.0001314748078584671,0.9999687075614929,0.9999999819429031,0.00020622354350052774,0.9999061226844788,0.9999999638936458
0.6729351066894393,0.9782021919388395,0.9758867029759852,0.0015625271063708043,0.8775399745812956,0.55,5.828216061152883,51000,6.313614903774578e-06,8.681540748511907e-06,0.9998556128653222,8.123900443024468e-06,0.9998640213527094,7.890677079558372e-05,1.0,1.0,8.319773041876033e-05,1.0,1.0
0.6726102853285135,0.9781954058524669,0.9758880722460719,0.0014620591831348362,0.8772568774923848,0.525,5.8265950751234605,51500,4.6623931666545104e-06,1.0492732144484762e-05,0.9998571284588733,1.0102190572069958e-05,0.9998663934168007,0.00017106131417676806,0.9999687075614929,0.999999981942903,0.00011434529005782679,0.9999687075614929,1.0
0.6704244981831207,0.9778734132963814,0.9754934770619739,0.0011596175922847685,0.87625560915769,0.53875,5.687780045850606,52000,1.3150792256055865e-05,1.0289544661645778e-05,0.9997925593188796,9.506981768936384e-06,0.9998067493444844,0.011529756709933281,0.9967459440231323,0.9998326377965285,0.010427289642393589,0.9971839785575867,0.9998685999501155
0.6701284003964646,0.9780665293712743,0.9757315190932319,0.0014516056810908642,0.8765925269662814,0.535,5.601168682237704,52500,4.452912889973959e-06,7.4740705713338684e-06,0.9998517391539565,6.896573722769972e-06,0.9998611230129842,0.00010129951988346875,1.0,1.0,0.00019300055282656103,0.9999374151229858,0.9999999638936458
0.6699946220705032,0.9781063298742995,0.9757742470154224,0.0014801921637716952,0.8762704716090273,0.53875,5.6335377509867435,53000,8.400817932852078e-06,7.794083103362937e-06,0.999886855477055,7.388159701804398e-06,0.9998947956944291,6.0345239035086706e-05,1.0,0.9999999999999999,8.201061427826062e-05,1.0,1.0
0.6693931048379327,0.9781294589714946,0.9758026343705117,0.0015102758603017614,0.8761986517804713,0.54625,5.701472613353431,53500,9.005274478113279e-06,7.528718015237246e-06,0.999850954028692,7.091060069797095e-06,0.9998598353926187,7.608238956891e-05,1.0,1.0,7.470725540770218e-05,1.0,1.0
0.6688672889286666,0.9782586696402062,0.9759462627325937,0.0014464269454383916,0.8758640587382528,0.54,5.640131746344846,54000,4.510962753556669e-06,6.702824975945987e-06,0.9998690978696047,6.1487908169510774e-06,0.9998806626903329,7.811419345671311e-05,1.0,1.0,0.00010692820796975866,1.0,0.9999999999999999
0.6682459275332429,0.9783171178810028,0.9760175268131455,0.0015055735636396864,0.8757023758162712,0.54125,5.804334700790297,54500,2.9522370823542587e-06,6.379580554494169e-06,0.9998778485955854,5.981863523629727e-06,0.9998846769849601,8.092175266938284e-05,1.0,1.0,8.299153705593199e-05,1.0,1.0
0.667537011383721,0.9781845972634227,0.9758453489456528,0.0016443861956258188,0.8751124749078613,0.5325,5.810952359097507,55000,1.1111380445072427e-05,9.874905117612798e-06,0.9997865002468987,9.490119737165514e-06,0.9997966084578083,0.00015143788186833262,1.0,1.0,0.00013419194146990776,0.9999687075614929,0.9999999909734113
0.6668813531249114,0.9783571492095235,0.9760506402579459,0.0013570580970322806,0.8747467703362025,0.5475,5.821035035897045,55500,8.512813110428397e-06,8.309208169521298e-06,0.9998286636611167,7.886232197051868e-06,0.9998353508852313,6.224410753929988e-05,1.0,1.0,4.175223148195073e-05,1.0,1.0
0.6664822957273804,0.9782795981683508,0.9760238815176375,0.0016153146471838636,0.8747420420155384,0.5475,5.791806293222522,56000,7.004673079791246e-06,7.759002073726151e-06,0.9998417641861572,7.460670985892648e-06,0.9998468721535727,0.00010054444283014163,1.0,1.0,7.052553701214492e-05,1.0,1.0
0.6646181898939487,0.9781245230153267,0.9758221686432786,0.0013860851454553752,0.8744500821812095,0.55125,5.717687046182409,56500,1.2894581232103519e-05,1.2672142474912107e-05,0.9997395998051909,1.209197762364056e-05,0.9997513791212763,0.0002614030381664634,0.9999687075614929,0.9999993318874113,6.954511627554893e-05,1.0,1.0
0.6643340886090077,0.9782642777264284,0.9759693369810526,0.0014600623839418788,0.8746870278768092,0.55375,5.766635210468823,57000,3.0314718060253654e-06,5.614432211586973e-06,0.999890683949498,5.290379249345278e-06,0.9998982351614326,4.8950547352433205e-05,1.0,0.9999999999999999,5.549638080992736e-05,1.0,1.0
0.6637487891672248,0.9784482504416635,0.9761536875511553,0.0014308427194168016,0.8744010068144893,0.5425,5.779438460984596,57500,7.1383860813512e-06,1.0944158020720351e-05,0.9997976702728121,1.0484126505616587e-05,0.9998054241253214,7.144731353037059e-05,1.0,1.0,7.399170863209292e-05,1.0,1.0
0.6633063261721901,0.9783930034433636,0.9761233124437757,0.0014711110493198863,0.8739552393472211,0.53125,5.827797627395578,58000,3.9564192775287665e-06,7.772752724122256e-06,0.9998654176047421,7.250721409945982e-06,0.9998756326621102,5.852679896634072e-05,1.0,1.0,7.244922744575888e-05,0.9999687075614929,1.0
0.6628545406040818,0.978375147920134,0.9761521042511887,0.0016037515030805922,0.8739572603655716,0.53875,5.858804873873864,58500,8.512467502441723e-06,1.3728428712056484e-05,0.9997582018483607,1.3147847312211525e-05,0.9997701720237808,0.00010983882384607568,0.9999687075614929,1.0,0.00013999672955833375,0.9999687075614929,0.9999999909734114
0.662552715550986,0.9784594643500102,0.9762116362061034,0.0016020596693932117,0.8739529643592686,0.55875,5.818773884705905,59000,4.0945828914118465e-06,8.248674021160696e-06,0.999882132716562,7.96424410509644e-06,0.9998895099114795,7.286590698640794e-05,1.0,1.0,9.130848047789186e-05,0.9999687075614929,0.9999999999999999
0.6619639070235395,0.9784282875262903,0.9761890265058419,0.001567832331297763,0.8734115546440511,0.55875,5.83253850627666,59500,4.8309084377251565e-06,9.048250831256155e-06,0.9998499561899082,8.486319529765751e-06,0.9998564026178238,0.00015125886420719326,0.9999687075614929,1.0,0.00016891807899810374,0.9999374151229858,0.9999999819468229
0.6615416249967503,0.9784031828719298,0.9761660618443164,0.0015025331985585283,0.872897397654858,0.55375,5.848781291787368,60000,7.86074815550819e-06,9.788550414668862e-06,0.9998655134360421,9.529933777230326e-06,0.9998722262999604,0.00013031376875005662,1.0,1.0,0.00015195885498542339,0.9999687075614929,0.9999999909734114
0.6608775334831275,0.9783121167493976,0.9760862282569519,0.0015322773955150444,0.8725338997164198,0.55375,5.92240960733086,60500,3.7331024032027926e-06,7.824862223060336e-06,0.9998630562556482,7.381720479315845e-06,0.9998710094359935,0.00014657388965133578,0.9999687075614929,0.9999999909714515,0.00017533225764054805,0.9999374151229858,0.9999999819468229
0.6590155888266925,0.9783086703761458,0.9760317598491615,0.0013600003511084256,0.8725170611697528,0.55,5.86593346288316,61000,5.632299689750653e-06,7.513201580877649e-06,0.9998529676620895,6.9631919359380845e-06,0.9998619426904796,0.00018869242921937257,0.9999687075614929,0.9999999368001605,0.00026321111363358796,0.9999374151229858,0.9999998375214056
0.6590603013738261,0.978402525968301,0.9761949783903701,0.0014203266037715622,0.8727194130842852,0.5475,5.840858935361798,61500,4.472543878364377e-06,8.516112757206429e-06,0.9998725574014716,7.956561603350565e-06,0.9998809540660506,9.969279926735908e-05,0.9999687075614929,1.0,0.0001690840144874528,0.9999374151229858,0.9999999909734114
0.6583670658724798,0.9785080674506599,0.9763058676947505,0.001600573912742785,0.872335364503218,0.5475,5.878028732122532,62000,7.788989933033008e-06,8.33955255075125e-06,0.9998436089714674,8.0068530223798e-06,0.9998535304688123,0.00017362514336127788,0.9999374151229858,0.9999999729143546,0.000271022436209023,0.9999374151229858,0.9999999458404685
0.6579540194908611,0.9785789287696393,0.9763872458412484,0.0016165181266009664,0.8721866567427912,0.55,5.916771170023232,62500,4.757397164212307e-06,8.209474799514282e-06,0.9998692211908564,7.626264050486498e-06,0.9998771343105807,0.0001664158480707556,0.9999374151229858,0.9999999729143545,0.00030020897975191474,0.9999374151229858,0.9999994403515085
0.6574231124784953,0.9784587917374868,0.9762909318186509,0.0016281376936292723,0.8717075994105281,0.54,5.762915196016668,63000,3.583379339033854e-06,6.4404116528749e-06,0.9998723234554457,6.043889243301237e-06,0.999878863434247,0.0001487253321101889,0.9999374151229858,0.9999999729143546,0.00020554655930027366,0.9999374151229858,0.9999999729202343
0.657007453762554,0.9786802599528936,0.9764994021875253,0.0015467877926305677,0.8720109096336351,0.55375,5.784455131922995,63500,3.2170194117497886e-06,5.550106379814679e-06,0.9998909733811366,5.104456249682698e-06,0.9998994936244688,0.00014605779142584652,0.9999687075614929,0.9999999729143546,0.00020591107022482902,0.9999687075614929,0.9999999007075256
0.6565574400676634,0.9785420410286993,0.9763455878377562,0.0015940833563690131,0.8712000172099287,0.5525,5.782913842007846,64000,3.831845333479578e-06,5.399390829552431e-06,0.9998953761456281,5.005146249459358e-06,0.9999019563167487,0.00012982341286260635,0.9999687075614929,0.9999999909714515,0.00023041082022245973,0.9999687075614929,0.9999996930959885
0.6561904670902678,0.9785829668756637,0.9763870848086664,0.0014823684252925477,0.8712387365519519,0.5475,5.84227305148865,64500,5.634321041725343e-06,8.80506013345439e-06,0.9998523734621358,8.271532351500355e-06,0.9998605890875752,0.0002990459615830332,0.9998748302459717,0.9999999006859666,0.0004967160639353096,0.9998748302459717,0.999999341059034
0.6553202782833552,0.9786273861268576,0.9764498877503061,0.0014486621565844243,0.8710539778282304,0.5525,5.79922296664445,65000,5.689462795999134e-06,7.3353298830625135e-06,0.9998552157450161,6.907691386004444e-06,0.9998622420748295,0.0003183613589499146,0.9998748302459717,0.9999998194290302,0.00020377781766001135,0.9999061226844788,0.9999999458404685
0.6538483028785459,0.978391854161045,0.976149284147523,0.00161186399890486,0.8704715380766992,0.53875,5.715240708379481,65500,2.7287774173601065e-06,5.673508894687984e-06,0.9998930236335255,5.26821895618923e-06,0.9999007045092546,5.696202424587682e-05,1.0,1.0,7.706005999352783e-05,1.0,1.0
0.6536205013909656,0.9785510996012009,0.9763466619130922,0.0016910812104755043,0.8704175705026876,0.5425,5.713470200601713,66000,7.0077308009786066e-06,6.102213774283882e-06,0.9998787894440361,5.6163676163123455e-06,0.9998885683653476,5.343877273844555e-05,1.0,1.0,8.526264718966559e-05,1.0,1.0
0.653472528013748,0.9785062709254836,0.9763158739377904,0.0016048648816411092,0.8706250187406178,0.54875,5.734980199250229,66500,7.01930548530072e-06,6.65905827190727e-06,0.999873815731992,6.1154864852142055e-06,0.9998830329108799,4.798857116838917e-05,1.0,0.9999999999999999,0.00010219249816145748,1.0,1.0
0.6530033719016886,0.9785999286035364,0.9764184404532358,0.0016934013786150442,0.8702265500874158,0.54,5.717363855708281,67000,4.202865966362879e-06,5.164944923308212e-06,0.9998967731723063,4.837783308175858e-06,0.9999025527901403,4.990130037185736e-05,1.0,1.0,9.742204565554857e-05,0.9999687075614929,1.0
0.652385545635839,0.9786171179243186,0.9764584473864835,0.0015410966040347196,0.8696702417256266,0.55375,5.784509963157713,67500,4.995408289687475e-06,9.497218343312852e-06,0.9998439991957369,9.296118150814436e-06,0.9998495943122957,6.514913548016921e-05,1.0,1.0,0.0001438079634681344,0.9999687075614929,0.9999999909734114
0.6519251704399185,0.9786508245198939,0.9764846101423205,0.0016356639433096746,0.8696527037304663,0.56375,5.816765441127241,68000,4.6582872528233565e-06,6.596107141376706e-06,0.9998687390033205,6.315448899840703e-06,0.9998764626410659,0.00015357531083282083,0.9999687075614929,0.999999981942903,0.0001701354922261089,0.9999687075614929,0.9999999909734114
0.6514316209710089,0.9786026716765092,0.976404124176271,0.0016294734358085058,0.8692101818348065,0.54875,5.82520024195155,68500,5.778862941951957e-06,8.337180588569026e-06,0.9998811133958628,8.034334314288571e-06,0.9998878706257802,5.146161493030377e-05,1.0,1.0,0.00010152185132028535,1.0,1.0
0.6510335510242332,0.9787036465634636,0.9765207306679734,0.0015730012788072404,0.8696242931718503,0.54125,5.751558370484789,69000,5.9226345001661684e-06,1.2881189832114615e-05,0.999851986190239,1.248227636096999e-05,0.999860110866494,7.156672654673457e-05,1.0,1.0,0.00010895042214542627,0.9999687075614929,0.9999999909734114
0.6504161086375637,0.9786779702149996,0.9765092570981702,0.0016159193064125413,0.8688517556048753,0.53625,5.8147752602624845,69500,4.714071110356599e-06,8.865717973094434e-06,0.9998120005468701,8.573031664127484e-06,0.9998186243779128,8.668336522532627e-05,1.0,1.0,0.00010023590584751219,0.9999687075614929,1.0
0.6500490480685397,0.9787608333917573,0.976596324148522,0.0015176732385622155,0.8690738672412723,0.55,5.805549546952802,70000,2.61776312981965e-06,6.204417331900913e-06,0.9998989887192214,5.816081738885259e-06,0.999905228599642,4.488908234634437e-05,1.0,1.0,7.199417450465262e-05,1.0,1.0
0.6493787032075435,0.9786617561313449,0.9764970965036023,0.0013995099523936303,0.8684839698524066,0.54,5.835811839026485,70500,5.453221092466265e-06,8.714251634955872e-06,0.9998408484863089,8.346602044184692e-06,0.9998480742207578,0.0002168108767364174,0.9999061226844788,0.9999999548572575,0.0001264476013602689,1.0,1.0
0.6482481644512894,0.9785715858485263,0.9764068511974792,0.00155006897552318,0.8686066160932249,0.54125,5.920077047447376,71000,3.540561920090113e-06,5.2224963837943505e-06,0.999897069902214,4.7105327212193515e-06,0.9999046815053128,0.0003698057262226939,0.9998748302459717,0.99999981942903,0.0004639632534235716,0.9998748302459717,0.9999996028301028
0.6480421013381821,0.9785547165953842,0.976392605029061,0.0014437901450711616,0.8683652143582424,0.565,5.825233683110594,71500,1.1206277122255415e-05,2.3947362933540717e-05,0.9997968755623315,2.301547647221014e-05,0.9998063691390922,0.0005082531133666635,0.9998435378074646,0.9999996478866088,0.0006614153389818966,0.9998435378074646,0.9999987453041881
0.6476748080752459,0.9787700577860111,0.9766471554613837,0.0015528653818116312,0.8684396709823862,0.5575,5.804629661388275,72000,3.4103566122212214e-06,5.607474122371059e-06,0.9999087216944085,5.124170456838328e-06,0.9999171715119011,0.00023144495207816362,0.9999374151229858,0.9999999277716121,0.00029666483169421554,0.9999061226844788,0.9999998104416399
0.6473744854625031,0.9787116609039006,0.9765704270931923,0.0015539258719633657,0.868180062137044,0.56875,5.833130910001908,72500,5.081043582322309e-06,8.11939753475599e-06,0.9998614991734878,7.667816134926397e-06,0.9998717802461999,0.0006045270129106939,0.9998435378074646,0.9999991422878929,0.0007471999851986766,0.9998435378074646,0.9999969670662389
0.6468939241561329,0.9787828411665226,0.9766738404149222,0.0014817208848172125,0.8682190154329049,0.5475,5.836974183629519,73000,7.13835015631048e-06,9.174573278869502e-06,0.9998295456989403,8.686664841661695e-06,0.99983783079835,0.0003294539055787027,0.9998748302459717,0.9999998555432241,0.00038088238216005266,0.9999061226844788,0.9999996028301027
0.6464895007472511,0.9788064726820223,0.9766899535942495,0.0014882226781533876,0.8677397636034186,0.56625,5.735547865357396,73500,4.488460035645403e-06,6.079000286263181e-06,0.9998935594950187,5.581135155807715e-06,0.9999031210176357,0.0002185361081501469,0.9999374151229858,0.999999963885806,0.00020693923579528928,0.9999374151229858,0.9999999368138799
0.6461775021990184,0.9787408380568217,0.9766156801612709,0.001520320066062884,0.8675794744337051,0.56375,5.788322007389275,74000,6.621180091315182e-06,6.195589321578154e-06,0.9998802672497588,5.8075615925190505e-06,0.9998865070012418,0.0002082965220324695,0.9999374151229858,0.9999999187430635,0.0003192581934854388,0.9998435378074646,0.9999999277872913
0.6454894867869911,0.978878529403233,0.9767649899584528,0.001546112039698557,0.8672213241247623,0.5675,5.737896543849694,74500,2.914480546678533e-06,5.996619165671291e-06,0.9998881435993615,5.5715881899232045e-06,0.9998946981872965,0.00036238483153283596,0.9998748302459717,0.9999997833148361,0.0003507414076011628,0.9998748302459717,0.999999765308697
0.645197529512197,0.9788734331309639,0.9767608018049984,0.0014883658107252994,0.8673205436469937,0.5625,5.746762570020713,75000,3.413748345337808e-06,7.373583684966434e-06,0.9998843000958915,7.0693167799618095e-06,0.9998891390684539,0.00047327158972620964,0.9997809529304504,0.9999998104004816,0.0003424892493057996,0.9999061226844788,0.9999998194682285
0.6436344095516592,0.9787181724745586,0.9765640420201942,0.0014249479848489237,0.8671895862015697,0.55625,5.741436717105548,75500,2.8710476271953667e-06,6.3460402088821866e-06,0.9999084039299397,5.8984219322155695e-06,0.9999168342488358,0.0002476164954714477,0.9999374151229858,0.999999981942903,0.00017140117415692657,0.9999687075614929,1.0
0.6436506886087847,0.9788140486195339,0.9766764409927733,0.0015178030921096423,0.8671238377181697,0.55875,5.8259273046118,76000,3.021683824044885e-06,4.721053755929461e-06,0.9999077664345911,4.231693765177624e-06,0.9999179405633842,0.00012199358025100082,0.9999687075614929,1.0,0.00010083783854497597,0.9999687075614929,0.9999999909734114
0.6432034398271151,0.9788148372222529,0.9766790191925416,0.0013526535390818368,0.8667483800111417,0.5525,5.824654943091411,76500,3.3294622880930547e-06,5.943617452430772e-06,0.9998961307451261,5.514943495654734e-06,0.9999018638456594,7.161538815125823e-05,1.0,1.0,8.454137423541397e-05,1.0,1.0
0.6431098117727567,0.9787995896790957,0.9766634075825549,0.0013441456972394777,0.8666885065481125,0.55875,5.804225726045751,77000,2.6952920961775817e-06,5.148631316842511e-06,0.9999077159815295,4.7981889110815246e-06,0.9999146067350116,6.400013080565259e-05,1.0,1.0,7.94478110037744e-05,1.0,1.0
0.642288946650111,0.9787014150679205,0.9765436818106957,0.0015549643131457802,0.866017483526695,0.55875,5.719471571942144,77500,5.2739210332219955e-06,6.798854428780032e-06,0.9998709535054591,6.265944648475852e-06,0.9998793503557615,0.00012868693738710135,0.9999687075614929,1.0,0.00011275160795776173,0.9999687075614929,1.0
0.6422903801418941,0.978809208986228,0.9766759025098993,0.001638359705674613,0.8660935807394657,0.55375,5.703996987389709,78000,3.769747536352952e-06,5.6479534578102175e-06,0.9998897355653162,5.198533926886739e-06,0.9998988300279148,0.00014031497994437814,0.9999687075614929,1.0,7.408560486510396e-05,1.0,1.0
0.641957555852892,0.9788706386489595,0.9767530324490457,0.001485777544986306,0.8662763709117401,0.54625,5.815644773331507,78500,5.185734153201338e-06,9.129638783633709e-06,0.9998619495417163,8.854120096657425e-06,0.9998697021880082,0.00017642436432652175,0.9999374151229858,0.999999945828709,0.00010418772581033409,0.9999687075614929,0.9999999909734114
0.6413074195313955,0.9788028818229751,0.9766812125630502,0.0015499252090191312,0.8656734002079395,0.56,5.808092656368614,79000,7.979466317920014e-06,7.145511972339591e-06,0.999854703262926,6.702166956529254e-06,0.9998617650329698,0.00011210736556677148,1.0,1.0,0.0001311094092670828,1.0,1.0
0.640791826625583,0.9788788987190494,0.9767688148960663,0.0015281652621826167,0.8654790675612243,0.55375,5.771511286188816,79500,3.5237690099165775e-06,5.459024578158278e-06,0.999905643545776,5.072126441518776e-06,0.9999144581702278,0.00020534030045382679,0.9999687075614929,0.999999945828709,0.00019725567835848778,0.9999374151229858,0.9999999729202342
0.640366715860119,0.9789146516026254,0.9768035259655367,0.0015898509676100878,0.8651730243594613,0.56125,5.7689027611506365,80000,2.9116522455296945e-06,5.042641078034649e-06,0.9999112998212542,4.5840365601179656e-06,0.9999171610471396,6.794257205910981e-05,1.0,1.0,9.997761662816629e-05,0.9999687075614929,1.0
0.6400689212992756,0.9788734271267906,0.9767578708449726,0.0015854041843759111,0.8652982315245512,0.56,5.755840389712442,80500,9.424250492884312e-06,8.375149263883941e-06,0.9998329923715801,7.943604032334406e-06,0.9998405696281846,0.015859676524996758,0.9955256581306458,0.9997848677464359,0.018877986818552017,0.9953691959381104,0.9997463979939887
0.6390108060387306,0.9788906110767108,0.9767744319552136,0.0015942873873702461,0.8656317530975801,0.56375,5.77961220505198,81000,3.2587720397714293e-06,5.408705419540638e-06,0.9999061086886396,5.085713837615913e-06,0.9999117303111392,0.000250871351454407,0.9999061226844788,0.9999998826288695,0.000395916256820783,0.9999374151229858,0.9999994764578627
0.6388758050113633,0.9788912906786692,0.9767800905119437,0.0015544485973538898,0.8652826741815902,0.5625,5.801103077073153,81500,4.026609076390741e-06,4.567065388982883e-06,0.9999136779415353,4.089956291863928e-06,0.99992071607856,0.00029363398789428174,0.9999061226844788,0.999999873600321,0.0005288330721668899,0.9999374151229858,0.9999976440603819
0.6386128473077352,0.97893099777583,0.9768323346667668,0.0014718701601765568,0.8650968646702768,0.55125,5.855643876736419,82000,3.5044718060817104e-06,6.319666226772824e-06,0.9998864465118796,5.83409837418003e-06,0.9998930823869573,0.00037111531128175557,0.9999374151229858,0.9999996027438662,0.0005140254506841302,0.9999374151229858,0.9999972649436618
0.6380351708290518,0.9788370550361061,0.9767366877899913,0.0015969333682837087,0.8645757852941925,0.56,5.815378518229415,82500,3.87059253625921e-06,7.833491508790758e-06,0.9998677616055356,7.517616722907405e-06,0.9998744470271056,0.00036468959297053516,0.9999061226844788,0.9999997110864481,0.0003178882470820099,0.9999374151229858,0.9999993049526796
0.6378105038279347,0.9788874132525659,0.9767829606737302,0.0015451504388579935,0.8643292778458254,0.5575,5.779578902538014,83000,4.799515863851411e-06,9.174224032904021e-06,0.9998375551811697,8.652142241771799e-06,0.9998464821513263,0.00023066774883773178,0.9999061226844788,0.9999999277716121,0.00027908451738767326,0.9999374151229858,0.9999994584046856
0.6372730515428086,0.9789016284953537,0.9767867124515851,0.001439289557753939,0.8641903752075051,0.55625,5.7495283036186455,83500,2.7551852781471098e-06,4.326307134761009e-06,0.9999205805983616,3.866166935040383e-06,0.9999282134271748,0.00016945980314631015,0.9999061226844788,1.0,0.00017095808289013803,0.9999687075614929,0.9999999819468228
0.6369756276017356,0.9789721341400511,0.9768668040923345,0.0014492615578035012,0.8640090633598192,0.555,5.79298802681419,84000,3.308852001282503e-06,5.3680701057601254e-06,0.9998924906438116,4.837485903408378e-06,0.9999013945842513,0.00011614745744736865,0.9999687075614929,0.9999999909714515,0.00018553486734163016,0.9999687075614929,0.9999999097341142
0.6365475342751363,0.9789103194319506,0.9768071613915674,0.0015221812421842315,0.8638605611908985,0.565,5.816113135974996,84500,3.5774585285253124e-06,7.32301623429521e-06,0.999874194059654,6.888731604703935e-06,0.9998822587742808,0.00010619452950777486,0.9999687075614929,0.9999999999999999,0.0001092054953915067,0.9999687075614929,1.0
0.6353850425313331,0.9787503306299364,0.9766294985019488,0.001411693612503427,0.8635974442645874,0.56125,5.826730395303889,85000,4.554823135549668e-06,6.066913101676619e-06,0.9998827600188877,5.704191607946996e-06,0.9998885471627065,0.0010712452931329608,0.9994993805885315,0.9999992686875718,0.0008531701751053333,0.9996558427810669,0.9999996208832799
0.6352470972321894,0.9787881504766371,0.97666516241029,0.0015745520059223697,0.8635276818644968,0.57,5.842004089990057,85500,3.203689175279578e-06,5.338982646208024e-06,0.9998967004008833,4.9497866712044924e-06,0.9999028789523333,0.00014012411702424288,0.9999374151229858,0.9999999909714514,0.00011278629244770855,0.9999687075614929,1.0
0.6350726114012128,0.9788765301311118,0.9767831484966102,0.0016820046372348217,0.8634451309249533,0.57,5.798494992791411,86000,2.3878046704339795e-06,5.745020644098986e-06,0.999892101840544,5.327300641511101e-06,0.9998980056818726,0.00022110687859822065,0.9999687075614929,0.9999998826288696,7.805030327290297e-05,0.9999687075614929,1.0
0.6346539190714835,0.9789319907906592,0.9768402180672343,0.0016278276446279874,0.8631956726103636,0.57,5.8569284322617055,86500,5.356368546927115e-06,7.529989488830324e-06,0.9998562102531797,7.113688752724556e-06,0.9998631668767928,0.00010616642975946888,0.9999687075614929,0.9999999909714515,7.977029599715024e-05,1.0,0.9999999999999999
0.6343307423274466,0.9789104843778582,0.9767953020802633,0.0016108223144077286,0.8631579962942214,0.56875,5.829376435470017,87000,3.1760723686602432e-06,5.355484063329641e-06,0.9998972284026169,4.906897174805636e-06,0.9999044783023896,5.2422808948904276e-05,1.0,1.0,7.687632751185447e-05,0.9999687075614929,1.0
0.6338152088541449,0.978972562887431,0.9768663434939604,0.0016049226745396942,0.8627784259530865,0.56875,5.860252512805171,87500,2.528528966649901e-06,5.23148901265813e-06,0.9999068338647664,4.756094767799368e-06,0.9999141199203735,0.00024638883769512177,0.9999061226844788,0.9999998916574181,6.212330481503159e-05,1.0,1.0
0.633769132998786,0.9790457913734013,0.9769537759242748,0.001653998416992719,0.8632028169176644,0.5725,5.839297083433117,88000,2.7288344881526427e-06,6.238319656404201e-06,0.999912081860988,5.861746558366576e-06,0.9999185330681155,7.16291178832762e-05,1.0,1.0,8.189179061446339e-05,0.9999687075614929,1.0
0.6333424998774829,0.9789865364702707,0.9769145891396963,0.0017282604349900148,0.8626566294821708,0.575,5.826465389441374,88500,3.873622972605517e-06,5.393124411057215e-06,0.9998943969728545,4.998866643290967e-06,0.9999013079993435,0.00019303406588733196,0.9999061226844788,0.9999999458287091,6.657922494923696e-05,0.9999687075614929,1.0
0.6326969274347968,0.9790364473714197,0.9769274582634196,0.0017460430976312053,0.8621524986211594,0.57875,5.79294793934435,89000,3.4039233014482306e-06,5.1902820814575534e-06,0.9999034153089076,4.821786205866374e-06,0.9999090830711023,0.0003695358755066991,0.9998748302459717,0.9999999006859666,7.659057155251503e-05,0.9999687075614929,1.0
0.6325697166575326,0.979036773334666,0.9769301183993656,0.0017019890054992244,0.8622264721752945,0.57,5.8093623417081535,89500,5.271660029393388e-06,5.5854466154414695e-06,0.999892754070828,5.127595613885205e-06,0.9999009702789076,4.5415599743137136e-05,1.0,1.0,7.708290650043637e-05,0.9999687075614929,1.0
0.6322330892218965,0.9790913305465989,0.9770186185836451,0.0015323737845593167,0.8624027629080102,0.575,5.7686979554521685,90000,5.773219527327456e-06,4.888978310191305e-06,0.9999063258700024,4.4872922444483265e-06,0.9999134944485423,0.00010035960440291092,0.9999687075614929,1.0,0.00011686690413625911,0.9999374151229858,0.9999999909734114
0.6309387074759605,0.9789640664657602,0.9768577129221668,0.0016405232680185313,0.8618431636692745,0.5625,5.711682209069781,90500,2.682109879970085e-06,5.345782028598478e-06,0.9999055793009167,4.953256393491756e-06,0.9999123161334025,0.00015211642312351614,0.9999687075614929,0.9999999729143545,0.00017951015615835786,0.9999061226844788,0.9999999819468228
0.6310448653708618,0.9789364157210108,0.9768211999627688,0.0016987359034624449,0.8618683566857738,0.5625,5.686456749852887,91000,2.6158611490245676e-06,5.612583663605619e-06,0.9999040729539413,5.280790446704486e-06,0.9999102607360715,0.0004339629376772791,0.9999061226844788,0.9999987901745016,3.347382880747318e-05,1.0,1.0
0.630514656195643,0.978953534454507,0.9768532445227252,0.0016717846452280075,0.8617266000244839,0.57125,5.675143990128506,91500,5.577602678386029e-06,8.030678145587444e-06,0.9998823796339293,7.605672180943657e-06,0.9998893426281209,0.0002821855596266687,0.9999374151229858,0.9999997562291907,5.802974192192778e-05,0.9999687075614929,1.0
0.6303646677003996,0.9789050536369343,0.9768131526659642,0.001675472096011271,0.8615004562529143,0.56625,5.717765274820811,92000,3.1732527077110717e-06,5.220148977969075e-06,0.999910763045387,4.825014912057668e-06,0.9999174673676855,0.00035822915378957987,0.9999374151229858,0.9999995666296722,4.414506474859081e-05,1.0,1.0
0.6300024916170015,0.9789761163149934,0.9768879639929832,0.0016950787593930329,0.8613160769829094,0.565,5.6460205430302315,92500,3.4784386571118375e-06,5.819415036967257e-06,0.9998829249413226,5.440266249934211e-06,0.9998903772025136,0.00044200551928952336,0.9999374151229858,0.9999986998890166,3.932687104679644e-05,1.0,1.0
0.6297405251102743,0.9789871698598022,0.9769098131060474,0.001840837780255962,0.8611806656908632,0.56625,5.618767942303376,93000,5.5236287153093144e-06,6.513260359497508e-06,0.9998668020229791,6.1357814047369175e-06,0.9998726965495357,0.00023134579532779753,0.9999374151229858,0.9999998736003212,4.6235731133492664e-05,1.0,1.0
0.6293381290844995,0.9789765694272423,0.9768843181122705,0.0017695279920815533,0.8608904285017844,0.57125,5.64399976571874,93500,6.280832621996524e-06,5.931904070166638e-06,0.9998771442011193,5.4989795899018645e-06,0.9998846972335271,0.0002294540754519403,0.9999061226844788,0.9999999187430636,4.021326458314434e-05,1.0,1.0
0.6291407974796791,0.9790720352970819,0.9769839324047676,0.001797495636178514,0.8609504916866341,0.55875,5.57503458741452,94000,4.1927810343622696e-06,4.729105967271607e-06,0.9999088884928272,4.3778109102277085e-06,0.999915175722127,0.0004768317157868296,0.9999061226844788,0.9999971740643208,4.127299689571373e-05,1.0,1.0
0.6287372245610385,0.9790496045837834,0.9769653928039871,0.001801110373000469,0.8607764969414594,0.56625,5.600204413640301,94500,5.267778306006221e-06,7.87194676377112e-06,0.9999026929159707,7.43192913432722e-06,0.9999086004170051,0.00032538670348003507,0.9999374151229858,0.9999998013719331,4.8777870688354596e-05,1.0,1.0
0.6284993825131038,0.9790160752765329,0.9769419647707986,0.0017002861082984295,0.8605174684062714,0.5625,5.604867194404794,95000,3.2048121738625923e-06,5.6146413953683805e-06,0.999890914670034,5.266215339361224e-06,0.9998985805382602,0.0005507887108251452,0.9998748302459717,0.9999988262886954,4.512783925747499e-05,1.0,1.0
0.6281368519101487,0.9789993155920671,0.9769121105657881,0.0016338992877771576,0.8605113816059012,0.56625,5.62538594972708,95500,3.3069061373680597e-06,4.484163582674228e-06,0.9999142015592343,4.093023107998306e-06,0.9999199747471387,7.302128506125882e-05,0.9999687075614929,1.0,6.152813148219138e-05,1.0,1.0
0.6279083560589411,0.9791289597088224,0.9770474782281152,0.0015442134078791933,0.860503714095794,0.57,5.68046149800799,96000,3.06503397951019e-06,4.665864253183827e-06,0.999905823709958,4.317743787396466e-06,0.9999122179553307,0.00035855668829753995,0.9998748302459717,0.999999837486127,6.733617192367092e-05,1.0,1.0
0.6274524693983603,0.9790288598428143,0.9769603625626679,0.001538021319252024,0.8601399708958966,0.55875,5.5940349567091605,96500,5.5650957619945984e-06,6.7177179516875185e-06,0.9998643366266338,6.128309451014502e-06,0.9998743364100506,0.00023260191665031016,0.9999374151229858,0.999999963885806,6.523550109704956e-05,1.0,1.0
0.6272210813662831,0.9791258471916989,0.9770503761689456,0.0016211843160991338,0.8600069783664179,0.565,5.593222514286002,97000,3.9701376408629585e-06,5.992807928123511e-06,0.9998802349434892,5.546083684748737e-06,0.9998883807484171,0.0004935646429657936,0.9999061226844788,0.9999989526883744,0.00014249744708649814,0.9999374151229858,1.0
0.6269102949497543,0.9791240891399828,0.977064304522612,0.0016468658034715995,0.8598726348542076,0.5625,5.5528063319459715,97500,4.734578396892175e-06,6.674870746792294e-06,0.9999052416912165,6.133852366474457e-06,0.9999128535018211,0.000537863583303988,0.9998435378074646,0.9999996659437056,5.421954483608715e-05,1.0,1.0
0.6265011637630429,0.9791276775817672,0.9770608082779482,0.0016648339440036891,0.859683189612124,0.56875,5.570026319924935,98000,2.7924122605327284e-06,4.996839834348066e-06,0.9999099148298557,4.594739493768429e-06,0.9999167176062842,0.00026008099666796625,0.9999061226844788,0.999999873600321,0.00011541485582711175,0.9999687075614929,0.9999999909734114
0.626135663985854,0.9790920479397971,0.9770045516665273,0.0016324942826850498,0.8589811693781009,0.56,5.602140812900561,98500,2.6083068860316416e-06,5.74860359847662e-06,0.9998932457926692,5.3370245041151065e-06,0.9999006931133936,0.0004372994299046695,0.9998748302459717,0.9999997020578996,6.37225602986291e-05,1.0,1.0
0.625916873720975,0.979112637758698,0.977033523537299,0.0016837521694548182,0.8591428001524398,0.55875,5.570932252063009,99000,2.757159791144659e-06,5.231307113717776e-06,0.9999200853457486,5.002979833079735e-06,0.9999251360984455,0.00033544216421432793,0.9999061226844788,0.9999998104004816,0.00011622624879237264,0.9999687075614929,1.0
0.6245517788868858,0.9789907813965907,0.9769014207314728,0.0017552027153604208,0.8592697372795242,0.55625,5.579762133264438,99500,2.865194574042107e-06,5.52467281522695e-06,0.9998904856351233,5.16707268616301e-06,0.9998959111937067,0.0018934357212856412,0.9995306730270386,0.9999887594571224,0.0006350925541482866,0.9997496604919434,0.9999996569896341
0.6245922386786598,0.9790393930504525,0.9769544358945819,0.0016870799271909472,0.8594629444859923,0.5625,5.539209697695392,100000,3.1480851703236112e-06,4.904239631287055e-06,0.9999071242296179,4.598041414283216e-06,0.9999131331104147,0.0006221703952178359,0.9998748302459717,0.9999982574901403,4.9976624723058194e-05,0.9999687075614929,0.9999999999999999
0.6243933343625343,0.9790140581304658,0.9769251083315961,0.0016754793257125063,0.8590731278087197,0.56125,5.565766111169675,100500,2.058326799669885e-06,5.174046691536205e-06,0.9999210489062468,4.835420440940652e-06,0.9999274833205024,0.0005644687335006893,0.9999061226844788,0.9999980317764279,5.774275632575154e-05,1.0,1.0
0.6242953728152189,0.9790394987026929,0.9769460245002086,0.0016341532038049924,0.8589707891626469,0.565,5.55110444236873,101000,2.498818048479734e-06,4.5111278268450405e-06,0.9999178521086771,4.0662494029675145e-06,0.9999243578671033,0.000794138410128653,0.9998748302459717,0.9999965510944745,4.913666634820402e-05,0.9999687075614929,1.0
0.6239719505726803,0.9789949749123319,0.9768904790527975,0.001643533987703718,0.8584837368235868,0.5575,5.5000577368997305,101500,4.107996119273594e-06,6.7676601247512735e-06,0.999886726873752,6.379248134180671e-06,0.9998935417883769,0.0003681728558149189,0.9999061226844788,0.9999996659437057,4.926065230392851e-05,1.0,1.0
0.6236567846870105,0.9790452216107692,0.976966213558456,0.001735545420144315,0.8585719539737945,0.555,5.56503336810455,102000,1.2214539310662076e-05,1.757244172040373e-05,0.9997734423271069,1.7425631085643545e-05,0.999777655347088,0.0012256180634722114,0.9998748302459717,0.9999851570662726,5.943234282312915e-05,1.0,1.0
0.6235524124621789,0.9791300065903348,0.9770587287404219,0.0016043533442515502,0.8587410228428587,0.55125,5.582316282588321,102500,3.2263546927424613e-06,8.959705155575648e-06,0.9998975203765835,8.592222002334893e-06,0.9999052888085723,0.0004905476816929877,0.9999374151229858,0.9999986276606286,7.003424980212003e-05,1.0,1.0
0.6231682328121235,0.9791890567331281,0.977127008648257,0.0016656159176055539,0.8584807766350208,0.5525,5.560914641263015,103000,3.505944505377556e-06,6.666518402198562e-06,0.9999017957057821,6.269765890465351e-06,0.9999076142140253,0.0007958144415169954,0.9998748302459717,0.9999920368202265,3.483838008833118e-05,1.0,1.0
0.6229078953513674,0.9791674939260644,0.977122800563816,0.001648752588145776,0.8581601824358602,0.56125,5.5699750508942785,103500,3.518393214108073e-06,4.830610578210326e-06,0.9999091918099982,4.461543994693784e-06,0.9999152554892948,0.0006640648352913558,0.9998748302459717,0.9999981491475584,4.1268212953582406e-05,1.0,1.0
0.622603721718962,0.9792047209134164,0.977153018548478,0.001657746311840759,0.8582234735646675,0.5525,5.580019004305073,104000,2.5877825464704074e-06,4.481290488911327e-06,0.9999058367174152,4.011426881334046e-06,0.999914599945116,0.0005989481578581035,0.9999061226844788,0.9999985012609497,3.1154580938164145e-05,1.0,1.0
0.6223852034909236,0.9791673817987554,0.9770608551467301,0.001698903409671874,0.8578020132146603,0.55625,5.664277559796657,104500,3.0998760394140845e-06,6.844248218840221e-06,0.999886633689359,6.444819064199692e-06,0.9998948246230273,0.00031959335319697857,0.9999374151229858,0.9999996478866087,3.169597403029911e-05,1.0,1.0
0.6211289652396503,0.9789619623342938,0.9768099543948008,0.0015573688135739178,0.8578182506956176,0.54875,5.610303862987868,105000,4.833727871300653e-06,6.412908078345936e-06,0.9998711752819435,6.117893008195097e-06,0.9998803696611136,0.00066807382972911,0.999718427658081,0.9999995214869297,0.0005022645345889032,0.9998122453689575,0.9999996660162227
0.6212702999788183,0.9790099833737003,0.9768900789559076,0.0017123638859938418,0.857960775874178,0.55625,5.557647448314887,105500,1.3866188055544626e-06,4.1275584408140276e-06,0.9999315464715978,3.747458094949252e-06,0.9999376647635855,5.5214521125890315e-05,1.0,1.0,3.135456427116878e-05,1.0,1.0
0.6209912818821938,0.9789967234089646,0.9768659672851717,0.0016323768810523685,0.8575195198854579,0.55375,5.562705263616928,106000,2.604223254820681e-06,4.531802460405743e-06,0.9999116077856522,4.052821623190539e-06,0.9999197600939514,7.97584216343239e-05,0.9999687075614929,0.9999999909714514,3.499427475617267e-05,1.0,1.0
0.6206700052459996,0.9789962409691749,0.9768426678312446,0.0016824939502859202,0.8571023255322553,0.55875,5.542690530329699,106500,2.7755986593547277e-06,5.113861789141083e-06,0.9999107402288526,4.618532784661511e-06,0.9999189797812362,0.00010402596672065556,0.9999687075614929,0.9999999909714515,4.5194465201348066e-05,0.9999687075614929,1.0
0.6204291090022351,0.9789811087972181,0.976861552602046,0.0016525051586101854,0.8570759442409301,0.5425,5.557582343296029,107000,3.1030651825858513e-06,5.617866008833516e-06,0.9998855270847842,5.170402801013552e-06,0.9998929614943566,6.164311344036832e-05,1.0,1.0,7.649971666978672e-05,0.9999687075614929,1.0
0.62014369326367,0.9790098167836033,0.9769075826203013,0.0016209667440243841,0.8569537691989517,0.5575,5.5557398544034315,107500,6.084735559852561e-06,6.364698947436409e-06,0.9998685512566318,5.83391874897643e-06,0.999877403650061,8.23206064524129e-05,0.9999687075614929,1.0,4.8701942432671785e-05,0.9999687075614929,1.0
0.6199219939204403,0.9789959628018282,0.976883594810199,0.0015701692278991635,0.8568164277074132,0.55375,5.533549876782561,108000,2.212458184658317e-06,5.114946361572947e-06,0.9999144205931475,4.656602413888322e-06,0.9999214003273841,7.457417814293876e-05,0.9999687075614929,1.0,3.713090700330213e-05,1.0,1.0
0.6195435208442115,0.9791542439178285,0.9770681597289613,0.0015440175281178374,0.8566993552564185,0.55625,5.546906966951009,108500,2.769401817204198e-06,3.906386154994834e-06,0.9999256699848229,3.468461272859713e-06,0.9999336886489109,4.874609658145346e-05,1.0,0.9999999999999999,4.991843889001757e-05,0.9999687075614929,1.0
0.6194654423744201,0.9790906504552782,0.9769849529823829,0.0015533385267479678,0.8565872627140987,0.555,5.5594010398820854,109000,3.11809253616957e-06,4.908500613964861e-06,0.9998994750509408,4.587402145261876e-06,0.999905954496149,7.170686149038374e-05,1.0,1.0,4.113117392989807e-05,1.0,1.0
0.6189967383049366,0.9791708221862045,0.9770668832822939,0.0016360713032492313,0.8563303696177387,0.55375,5.535744209921817,109500,2.6302279820811236e-06,4.915913905279012e-06,0.9999164706762625,4.424907274369616e-06,0.999924184251955,4.913350130664185e-05,1.0,1.0,6.0881728131789714e-05,0.9999687075614929,0.9999999999999999
0.6184364337079928,0.9791749686584104,0.9770765523557967,0.0015969435522502655,0.8562321202869887,0.545,5.640295565257009,110000,3.6327369343780447e-06,4.794951109943213e-06,0.9999078123178033,4.423634436534485e-06,0.9999137907514052,0.00010311766527593136,1.0,1.0,7.703281153226271e-05,0.9999687075614929,1.0
0.618381370060068,0.9791662065935395,0.9770579895234903,0.001626714239770366,0.856102364453971,0.5575,5.623287269548445,110500,2.9654324862349313e-06,6.637452770519303e-06,0.9998827318227997,6.1868049670010805e-06,0.9998917000290483,5.6816563301254064e-05,1.0,1.0,3.729431773535907e-05,1.0,1.0
0.6180200692260095,0.9792146897159366,0.977102025081986,0.0017335807406526488,0.8559257377346092,0.55125,5.5907388221318275,111000,3.8898228922334965e-06,4.983506187272724e-06,0.9999059000884268,4.604875812219689e-06,0.9999137210051372,6.0594033129746094e-05,1.0,1.0,3.9463702705688775e-05,1.0,1.0
0.6178572892415892,0.9792225520948046,0.9771384878382481,0.0017087716887420612,0.8559901263716301,0.56375,5.580095941559807,111500,2.7275800675852224e-06,4.622457709047012e-06,0.9999195726693888,4.234953848936129e-06,0.9999268348078162,0.00012851748033426702,0.9999374151229858,1.0,6.124515493866056e-05,0.9999687075614929,1.0
0.6175239996991588,0.9792786081946766,0.9772104725207615,0.0017017123222804987,0.85608139583471,0.555,5.607079142448283,112000,3.063388930968358e-06,4.3619297684927005e-06,0.9999221933182241,3.954546627937816e-06,0.9999299354070509,0.00012542848708108068,0.9999061226844788,1.0,2.9852299121557735e-05,1.0,1.0
0.616174500793151,0.9788883815509811,0.976774831104833,0.0018779772186661998,0.8556388705711238,0.56125,5.535158713488343,112500,6.715823928971076e-06,1.3918439435656182e-05,0.999837815362755,1.3696551832254045e-05,0.9998459801718591,0.0003916778659913689,0.9998435378074646,0.9999998284575785,0.00013136224879417568,0.9999687075614929,0.9999999819468228
0.6160704310861254,0.9790593998936089,0.9769925314433484,0.0018856049967052,0.8556846967633046,0.56,5.522881687330324,113000,2.316945028724149e-06,4.241127953719115e-06,0.9999230750559127,3.958960860472871e-06,0.9999301315173699,6.500546442111954e-05,0.9999687075614929,1.0,4.290930519346148e-05,1.0,1.0
0.6160672303885858,0.9790728886412148,0.9770105929162964,0.0019655366447181967,0.8555862754188298,0.56125,5.53573964701652,113500,2.6561899630905828e-06,5.587234227277804e-06,0.9998966584756718,5.2534655878844205e-06,0.9999029671530648,4.2683459469117224e-05,1.0,1.0,6.421477883122861e-05,1.0,1.0
0.6158537456855551,0.9790747612704337,0.976998830932516,0.0018082690758001612,0.8554874386387917,0.5675,5.49846643895286,114000,3.551813961166772e-06,6.533413852594094e-06,0.9998790864280388,6.0534316617122386e-06,0.9998869165544657,4.3446034396765754e-05,1.0,1.0,5.101831629872322e-05,1.0,1.0
0.6156632449189845,0.979097923661878,0.9770195175981691,0.0018472696632812202,0.8549216686671179,0.5625,5.507134958996,114500,1.92063498616335e-06,4.139853899687296e-06,0.9999269633715361,3.734737447302905e-06,0.9999334549424601,8.772944420343265e-05,0.9999687075614929,1.0,4.021943095722236e-05,1.0,1.0
0.615481924104368,0.9791043971755934,0.9770468516354673,0.001918545087475075,0.85494934431508,0.56625,5.5275067462734295,115000,2.6222189717373112e-06,5.349764251150191e-06,0.9999094513846039,4.8859619710128754e-06,0.9999156028124992,4.29045467171818e-05,1.0,1.0,3.241580998292193e-05,1.0,1.0
0.6153022721934701,0.9791937584360665,0.9771384410124666,0.0019193976431040685,0.8546705320551409,0.555,5.522178253772986,115500,2.5153026399493683e-06,5.460461125039728e-06,0.9999024807877432,5.053387212683447e-06,0.99990861302563,9.49863315327093e-05,0.9999687075614929,0.9999999909714515,5.568360575125553e-05,0.9999687075614929,1.0
0.614987899503188,0.9791895401575705,0.9771301845933061,0.0018595017005972095,0.8547825380346744,0.55875,5.533632133299034,116000,2.0830348148592748e-06,4.090340553375427e-06,0.9999211567262352,3.649268819572171e-06,0.9999287406290376,6.530471728183329e-05,0.9999687075614929,1.0,4.9733785999706015e-05,1.0,1.0
0.6147644838441485,0.9792268413789155,0.9771860484626618,0.0018965995720999047,0.8547159565300284,0.56125,5.498290829388453,116500,2.4254982236016076e-06,4.661853381549008e-06,0.9999027046480826,4.241202077537309e-06,0.9999107669857131,7.958475180203095e-05,1.0,1.0,9.695700282463804e-05,0.9999374151229858,1.0
0.6143589256447513,0.9792074072534407,0.9771598906816605,0.0020194438348668606,0.8543116624376005,0.56375,5.540897099580387,117000,2.184665390814189e-06,4.950350557919592e-06,0.9999047786693338,4.662530955101829e-06,0.9999102974100176,5.8742112742038444e-05,1.0,1.0,7.249070040415972e-05,0.9999687075614929,0.9999999909734114
0.6140963642705327,0.9792512752478629,0.9771851858156886,0.0018835650744241372,0.8541796829879932,0.56625,5.518597676715711,117500,2.9187879135861294e-06,5.331146439857548e-06,0.9999059014954604,4.9508475967741106e-06,0.9999123915656083,0.00010161777026951313,0.9999687075614929,1.0,7.069421553751454e-05,0.9999687075614929,0.9999999999999999
0.6137765071114435,0.9792197089161366,0.9771810132060214,0.0019117727947255377,0.8538992377735739,0.57125,5.514361540661637,118000,2.2410945348383393e-06,4.125884061068064e-06,0.9999201447153845,3.7212666939012706e-06,0.9999274962162128,0.00014430933515541255,0.9999374151229858,0.9999999819429031,9.61606710916385e-05,0.9999374151229858,0.9999999819468228
0.6137399927791101,0.9792469176474689,0.9772168386298816,0.0018815408011380486,0.8540278358481328,0.57375,5.5076446220915285,118500,3.891095275321277e-06,4.413217538967729e-06,0.9999180164596051,4.066552264703205e-06,0.9999251907340115,0.00016377380234189332,0.9999374151229858,0.9999999548572575,0.00012984946079086512,0.9999061226844788,0.9999999729202342
0.6135655931166891,0.9792634339040993,0.9772003568471961,0.0018783007612249768,0.853933197706258,0.5725,5.449780100426251,119000,3.5548614505387377e-06,4.365076165413484e-06,0.9999248630453438,4.008080395578872e-06,0.9999304737488418,0.00021154899150133133,0.9999374151229858,0.9999998826288696,0.00010456731251906604,0.9999687075614929,0.9999999819468228
0.6133058743006878,0.9793170940746987,0.9772784027520851,0.0018559705482530627,0.853642843368835,0.5625,5.499415401454726,119500,4.331871878093807e-06,6.274231964198407e-06,0.9998968135307673,5.760728981840657e-06,0.9999065964439948,0.0001789121306501329,0.9999061226844788,0.9999999729143545,8.151643123710528e-05,0.9999687075614929,1.0
0.6130724925201225,0.9793075478588104,0.9772830217944648,0.0019886403294257747,0.8537875539723836,0.57375,5.453455622820176,120000,3.5087095966446213e-06,5.974958185106516e-06,0.9999038635667236,5.615151167148724e-06,0.9999115475278031,0.0002650191599968821,0.9998748302459717,0.9999999458287091,0.000110332686745096,0.9999687075614929,0.9999999729202342
0.6126965508836788,0.97933300360317,0.9772927641903368,0.0019285512018653978,0.853619624145805,0.565,5.491903813863733,120500,2.762026042546495e-06,4.373442607175093e-06,0.9999170143887851,4.010033990198281e-06,0.9999235117368049,0.00025166833074763417,0.9998748302459717,0.9999999006859666,3.286105129518546e-05,1.0,1.0
0.6122240385540246,0.9793012277986691,0.9772493330242616,0.001906229087071659,0.8529950214061472,0.57125,5.453784687932637,121000,2.88574392470764e-06,5.528940619115019e-06,0.9999008974307838,5.178652827453334e-06,0.9999071814093192,9.534240234643221e-05,0.9999687075614929,1.0,0.00013484327064361423,0.9999687075614929,0.9999999729202343
0.6121066263332904,0.9791763069428158,0.9771118151509468,0.0019917309163919278,0.8531908680685258,0.56125,5.49279399247793,121500,3.6819239994656527e-06,6.363516604324104e-06,0.999895076787652,5.873194822925143e-06,0.999902384373876,7.919050403870642e-05,0.9999687075614929,1.0,5.231012619333342e-05,1.0,1.0
0.6119381129163802,0.9792482100705745,0.9771734410652744,0.0019856245000213313,0.8530020045641634,0.5625,5.467434278219434,122000,2.2228118723433e-06,4.169468866166426e-06,0.9999222883188679,3.7221582260826835e-06,0.9999304037505923,0.0003354561049491167,0.9998748302459717,0.999999873600321,3.660767833935097e-05,1.0,1.0
0.6115973504679053,0.9792858507340539,0.9772037104306801,0.001960352922666068,0.8526706364013226,0.56125,5.466559885654873,122500,2.9526790967793204e-06,5.115383373777149e-06,0.9998998091457675,4.712064765044488e-06,0.9999076730263985,0.00013361847959458828,0.9999374151229858,0.9999999729143545,0.00012001248251181096,0.9999374151229858,0.9999999819468228
0.610609864414299,0.9790232973042357,0.976923260867315,0.002010245715288386,0.8525418001306206,0.56875,5.515596272490971,123000,2.540131617934094e-06,5.693542789231287e-06,0.999887526453299,5.346810667106183e-06,0.999894294962922,0.000100554374512285,0.9999687075614929,0.9999999909714515,6.371913332259282e-05,1.0,1.0
0.610697004376847,0.9790051672486413,0.9769007078620895,0.0020101763210724024,0.8524980642785308,0.56375,5.4603886548084,123500,2.0436323211470153e-06,3.5646241940412438e-06,0.999932461905037,3.114125547654112e-06,0.9999404758414899,4.185310535831377e-05,1.0,1.0,2.9346059818635695e-05,1.0,1.0
0.6105378674947928,0.979016405390063,0.9769268248678324,0.00203727985735757,0.852147048106965,0.55625,5.544783416927496,124000,4.268607426638482e-06,6.158692031021928e-06,0.9998856143375071,5.7896459111361764e-06,0.9998915421880056,4.83701478515286e-05,1.0,1.0,2.451958971505519e-05,1.0,1.0
0.6103811946396133,0.9790337768720999,0.9769256312040691,0.002053347851075785,0.8521943639176428,0.56875,5.516665416703542,124500,2.770877244984149e-06,5.452180630527437e-06,0.9999017843770975,5.127472832100466e-06,0.9999077032052542,5.250026879366487e-05,1.0,1.0,3.11793337459676e-05,1.0,1.0
0.6102564709236199,0.9789930885200465,0.9769180431681235,0.0019873007839568213,0.8523009215729802,0.56125,5.526853189878023,125000,2.809810212056618e-06,5.414246061263839e-06,0.9999085044788598,4.96069151267875e-06,0.9999148368590446,0.00011872837785631418,0.9999687075614929,1.0,3.603082222980447e-05,1.0,1.0
0.6101316948088574,0.979011508919786,0.9769289661340593,0.0019853869465895463,0.8522285441472325,0.55875,5.524660922258817,125500,2.7960791157966014e-06,4.522164090303704e-06,0.999919808288306,4.224312760925386e-06,0.9999264169380133,0.00014768254186492413,0.9999374151229858,0.999999981942903,4.8660414904588833e-05,0.9999687075614929,1.0
0.6097788545506513,0.9790077667352564,0.9769076885087203,0.001973782634050991,0.8517460157749096,0.56625,5.549908171749913,126000,2.9412647108983947e-06,5.007232630305225e-06,0.9999112974538056,4.78806532555609e-06,0.9999166502472222,8.91114686965011e-05,0.9999687075614929,1.0,3.375548476469703e-05,1.0,1.0
0.60949454911845,0.9789487262727419,0.9768578077937949,0.0018819123167519267,0.8515471671312475,0.56125,5.52215508322435,126500,3.854383066936862e-06,5.137913831276819e-06,0.9999067317921951,4.810564405488549e-06,0.9999133748433259,0.00018242541409563273,0.9999374151229858,0.9999999909714515,7.059617200866342e-05,0.9999687075614929,1.0
0.6094535328409199,0.9789773214810938,0.9768765433290969,0.0019747855255191726,0.851452730368405,0.55625,5.582473753407688,127000,1.5144099734243355e-06,4.205427103443071e-06,0.999927377934704,3.8128528103698045e-06,0.9999348400170256,0.00010722744627855718,0.9999374151229858,1.0,5.3771582315675914e-05,0.9999687075614929,0.9999999999999999
0.609060836813669,0.978925527692449,0.9768178788523387,0.0019356172716130115,0.8512595625809205,0.5625,5.492413243790382,127500,4.98374038215843e-06,6.810025297454558e-06,0.999865052825259,6.399777248589089e-06,0.999872163587574,0.00036435070796869695,0.9999061226844788,0.9999999187430635,6.700173980789259e-05,0.9999687075614929,0.9999999999999999
0.6088307468262626,0.9790324926744347,0.9769526844697409,0.0018120822568755462,0.8513085663835759,0.56625,5.534561577793718,128000,2.187234031225671e-06,4.467699909582734e-06,0.9999304601288228,4.109665951546049e-06,0.9999373390957059,9.717287321109325e-05,0.9999687075614929,1.0,0.00010930309508694336,0.9999687075614929,0.9999999909734114
0.6086171007466259,0.9790599609623882,0.9769905930189611,0.0018916213580252455,0.8511288852842214,0.5625,5.523474615014342,128500,1.712230528028158e-06,3.937233486794867e-06,0.9999267401072405,3.530866024448187e-06,0.999933279338111,0.00018319279479328543,0.9999061226844788,1.0,0.00012713627074845135,0.9999687075614929,0.9999999819468228
0.6084833738099462,0.9790099955260814,0.9769247633263756,0.0018312272542622284,0.851156511063139,0.56375,5.483659629173779,129000,2.022088210651418e-06,3.6093356357014272e-06,0.9999299719547539,3.1885226690064883e-06,0.9999369857935042,0.00015964875638019294,0.9999374151229858,0.9999999819429031,9.419757407158613e-05,0.9999687075614929,0.9999999909734114
0.6080144542712274,0.9789626930710718,0.9768926417346373,0.001909751816565084,0.8509204762581478,0.55875,5.476546152439759,129500,2.130965185642708e-06,4.8612610044074245e-06,0.9999178547143224,4.3749309952545445e-06,0.9999259684400708,0.00019207886361982673,0.9998748302459717,0.9999999368001604,0.00011810477008111775,0.9999687075614929,0.9999999638936458
0.6079800181857467,0.9790286539837811,0.9769641240635423,0.0019360752185063025,0.8510644644183798,0.5675,5.480224841106675,130000,2.1843065951543394e-06,4.0328927752852906e-06,0.9999235380587727,3.5782961731456453e-06,0.9999308819889505,0.00010085672693094239,1.0,1.0,0.00010920492059085518,0.9999687075614929,0.9999999819468229
0.6078090083195524,0.9790751187668956,0.9770104683290857,0.0019335597652725507,0.8512249570564704,0.56625,5.479024215657521,130500,1.5632416534572258e-06,3.867165560222929e-06,0.999931622316421,3.4394561225781217e-06,0.9999390321235498,0.00023071297619026154,0.9999061226844788,0.9999999548572575,0.00014724748325534165,0.9999687075614929,0.9999999819468229
0.6075697772356232,0.9790762341044367,0.9770129057894404,0.00196628776405814,0.8509473341712466,0.5675,5.533958810971034,131000,2.809666057146387e-06,5.189097009861143e-06,0.9999207539408517,4.879788775724592e-06,0.9999273686702759,0.00026007206179201603,0.9998435378074646,0.9999999187430636,0.00011137912224512547,0.9999687075614929,0.9999999638936456
0.6072793502153782,0.9790048340229588,0.976938781091264,0.0018897515081016674,0.8505685922818066,0.55125,5.57508992487685,131500,2.7731614409276517e-06,4.306418304622639e-06,0.9999220024885779,3.9604806261195336e-06,0.9999278291302566,0.00022685753356199712,0.9998748302459717,0.9999999458287091,0.00010945253598038107,0.9999687075614929,0.9999999819468228
0.6070855364900504,0.9790224310315991,0.9769609366365911,0.001977454345716327,0.8506149804957507,0.555,5.515792413265641,132000,2.9906821055192268e-06,4.3156883293704595e-06,0.9999295966636419,3.855373961414443e-06,0.9999368058164241,0.0002008614392252639,0.9998748302459717,0.999999945828709,0.00014888976875226945,0.9999687075614929,0.9999999458404686
0.6069656919425588,0.9790552107930593,0.9769885302346959,0.0019530556563704484,0.8505883204589869,0.565,5.515887456987825,132500,2.289954181833309e-06,4.378501216706354e-06,0.999917558733558,3.896470843756106e-06,0.9999248855582255,5.296021845424548e-05,1.0,1.0,4.571515091811307e-05,0.9999687075614929,1.0
0.6066321211013656,0.9790685152414835,0.9770009242928316,0.001962772071094213,0.8504172066239496,0.5675,5.520869697910617,133000,1.4743050087417942e-06,4.4762750803784e-06,0.9999198031384944,4.063445885549299e-06,0.9999275900831245,0.00011509288742672652,0.9999687075614929,1.0,0.00010047509567812085,0.9999687075614929,0.9999999909734114
0.6063964287514955,0.9791311239985427,0.9770823380892265,0.0020332415763553947,0.8503443255181249,0.5525,5.564936873426673,133500,2.3818315639800858e-06,5.320524905982893e-06,0.9999201172066856,4.839266239287099e-06,0.9999271178970974,9.580115874996409e-05,0.9999687075614929,1.0,0.00011555798118934035,0.9999687075614929,0.9999999638936456
0.6062084472643267,0.9791393969857016,0.977102882830269,0.002053949099959164,0.8500325352422213,0.54875,5.5301788312946485,134000,2.3014597445580876e-06,5.11147982251714e-06,0.9999304603571867,4.698015345638851e-06,0.9999381377612465,0.0001896591274999082,0.9999061226844788,0.999999945828709,5.714724102290347e-05,0.9999687075614929,1.0
0.6059786372290596,0.9791128831074464,0.9770498536661364,0.0020372517917042793,0.8499730760435188,0.56,5.545448503726919,134500,3.815513991867192e-06,4.132880803808803e-06,0.9999204853643914,3.757260401471285e-06,0.9999263074196785,0.00031487588421441615,0.9998748302459717,0.999999909714515,0.0001375744177494198,0.9999687075614929,0.9999999819468228
0.6057810045323011,0.9790425228752268,0.9769778421413268,0.001989229310642271,0.8497728530789482,0.5525,5.5404922592515495,135000,4.8624101509631146e-06,6.058065082470421e-06,0.9998921634702927,5.609734216704965e-06,0.9999000802397108,0.00017735015717335045,0.9999374151229858,0.9999999909714515,6.304528506007046e-05,0.9999687075614929,0.9999999909734115
0.6054975217601739,0.979076477838019,0.9770089837516178,0.0020277998936540243,0.849704254123119,0.56,5.541677282788941,135500,2.4189318992284825e-06,4.757921033160528e-06,0.9999169684041189,4.3303039092279505e-06,0.9999242505728576,0.00029074636404402554,0.9999374151229858,0.9999999368001605,5.3232157370075583e-05,0.9999687075614929,1.0
0.6053247170119103,0.9790553017772747,0.976997077166718,0.001974942996121999,0.8496693478294192,0.5575,5.5635674848098615,136000,2.8982474304939387e-06,5.731585133617045e-06,0.999911157638987,5.158417025086237e-06,0.9999188431739875,0.00012203053483972326,0.9999687075614929,1.0,7.08669176674448e-05,0.9999687075614929,0.9999999909734114
0.6042276618465934,0.9787894104039306,0.9767149974681015,0.001996591140179597,0.8495036372950199,0.54375,5.560255199389394,136500,5.996594154566992e-06,8.650125892017968e-06,0.9998231447376196,8.293859536934178e-06,0.9998307789845531,0.0014616328990086913,0.9995932579040527,0.9999985464036921,0.000764980970416218,0.999687135219574,0.9999994854844513
0.6043764940251933,0.9788892647976836,0.9767899706216348,0.0020877972344797288,0.849603789835747,0.55875,5.541650084897058,137000,2.1071036826469935e-06,4.8193292059295345e-06,0.9999142445248109,4.326238922658376e-06,0.9999224033780097,0.00030287832487374544,0.9999061226844788,0.999999945828709,0.00018946111958939582,0.9999687075614929,0.9999999368138799
0.6043554182533207,0.9788425176565674,0.9767425948290445,0.0021012817577732864,0.8496864327648299,0.5575,5.540130164197067,137500,2.154032699763775e-06,3.7650647755071986e-06,0.9999330425556169,3.3284829896729207e-06,0.9999404896227192,0.0003289915039204061,0.9998435378074646,0.9999999006859666,0.0001562822872074321,0.9999687075614929,0.9999999819468229
0.6040735581543335,0.9788632718230643,0.9767699146710376,0.0020944208668903564,0.8494167901662099,0.55125,5.597789998739438,138000,8.742861609789543e-06,7.697063665546011e-06,0.999838708585536,7.1468757596448995e-06,0.9998495176109011,0.00039877567905932665,0.9998435378074646,0.99999981942903,7.773418474243954e-05,0.9999687075614929,1.0
0.6039554364890077,0.9789046731475816,0.976815301982508,0.002080948458376723,0.8492309967752989,0.5525,5.632527988273504,138500,1.529768951513688e-06,3.364818212503451e-06,0.999935975906872,2.921427039836999e-06,0.9999432483241595,0.0002692087728064507,0.9999061226844788,0.9999998916574181,0.00011539192928466946,0.9999687075614929,0.9999999819468228
0.6037336132312652,0.9787748913474213,0.9766830608658715,0.0020885023621122684,0.8488887054227041,0.5625,5.631611960854098,139000,2.5129327241302235e-06,4.215818080410827e-06,0.9999195527050588,3.877275503327837e-06,0.999924915141773,0.00024074946122709662,0.9999061226844788,0.999999909714515,0.00011042162077501416,0.9999687075614929,0.9999999819468228
0.6036406635611811,0.9789146809098164,0.9768292380611923,0.0021211740076029707,0.8489520528991771,0.5625,5.628048329011284,139500,2.5136237127298955e-06,4.308854386181338e-06,0.999919410623051,3.7657894154108362e-06,0.9999270407277637,0.0005446998402476311,0.9997809529304504,0.9999996478866087,0.000140564632602036,0.9999687075614929,0.9999999819468229
0.6034504048958724,0.9788965024648376,0.97678702825347,0.002086594402783164,0.8488835447711981,0.55375,5.60250766071218,140000,1.4048225693841232e-06,3.6183757856633747e-06,0.9999345494143663,3.196553961970494e-06,0.9999415963981305,0.0003122703346889466,0.9998122453689575,0.999999873600321,0.00020249631779734045,0.9999374151229858,0.9999999458404685
0.603292511376425,0.9789491385058603,0.9768486066371533,0.0021373329944560262,0.8489729686496046,0.5625,5.608670682262263,140500,2.5581189220247325e-06,4.264659310138086e-06,0.9999289850971007,3.7619427075696876e-06,0.9999358983463118,0.0001584333076607436,0.9999374151229858,0.999999981942903,0.0001380409230478108,0.9999687075614929,0.9999999819468228
0.603026211809981,0.9789952145797899,0.9769172425405894,0.0020803510107333814,0.8490634189665492,0.555,5.5872183694430975,141000,1.2956156751897652e-06,3.367425733813434e-06,0.9999400196362644,2.981038505822653e-06,0.9999463400883322,0.0003316416696179658,0.9998748302459717,0.9999998826288695,0.00013119885988999158,0.9999374151229858,0.9999999819468228
0.6028173411693406,0.9790170960794871,0.9769361432873394,0.0021005025981681263,0.8490883241048384,0.5525,5.58972037849973,141500,1.879597107290465e-06,4.04038200940704e-06,0.9999295916573733,3.55220026904135e-06,0.9999372472633002,0.00020907289581373334,0.9998748302459717,0.999999945828709,0.00015493761748075485,0.9999061226844788,0.9999999819468228
0.6026163176723633,0.9790242299455627,0.9769385243930147,0.0020959190945100503,0.849116139094647,0.55375,5.654166570638533,142000,2.663703298821929e-06,5.7131319408654235e-06,0.999908139687246,5.360146133170929e-06,0.999915635138067,0.0004650366026908159,0.9998435378074646,0.9999997923433847,0.00020809257694054395,0.9999061226844788,0.9999999638936458
0.6024353615910709,0.9789979134167426,0.9769337244191479,0.002169173283047522,0.8487916169436471,0.56,5.609020105964211,142500,3.756346131922328e-06,4.420067853061482e-06,0.9999202856326906,4.007710231235251e-06,0.9999270435003856,0.00015555114077869803,0.9999374151229858,0.9999999909714515,0.00013255565136205405,0.9999374151229858,0.9999999819468228
0.6022222148059803,0.9789811374025581,0.9769259630727097,0.002044838306576742,0.8485399092383913,0.56375,5.632116084283261,143000,7.856307092879433e-06,1.0028497854364105e-05,0.9998346475187788,9.691021659818944e-06,0.999842815150404,0.00024403256247751415,0.9999374151229858,0.9999998645717726,0.00016170568414963782,0.9999374151229858,0.9999999729202343
0.601991249126122,0.9790223766797604,0.9769360598625383,0.002062622392493992,0.848355999649991,0.55375,5.589928291264387,143500,3.4100473840226186e-06,6.155389655759791e-06,0.9998714111580808,5.661188424710417e-06,0.9998801232038738,0.00011280975013505667,0.9999687075614929,0.9999999999999999,0.00015319863450713456,0.9999374151229858,0.9999999819468229
0.601733232564134,0.9789613354308213,0.9768800056897448,0.002076318752299419,0.8483432285825891,0.55875,5.6268819599621285,144000,2.142597168131033e-06,4.334233835834311e-06,0.999921698507084,3.925557393813506e-06,0.9999286870819905,0.0002949894987978041,0.9998748302459717,0.999999909714515,0.00019266286108177155,0.9999687075614929,0.9999999458404686
0.6015550628598749,0.9789069529612764,0.9768039421993835,0.002095194585605963,0.847987499725416,0.55375,5.602454829634223,144500,2.943299477919936e-06,5.4571401051362045e-06,0.9999119879895735,4.947254637954757e-06,0.9999189827571343,0.0007060719653964043,0.9998435378074646,0.9999994041157992,0.0002268989774165675,0.9999374151229858,0.9999999097341142
0.6012972177337769,0.9789200792301688,0.9768171924747294,0.0020365756588349576,0.8480357915795621,0.55,5.633093815441273,145000,4.130882189201657e-06,6.837865839770529e-06,0.9998853251732889,6.4148439378186595e-06,0.9998931680105314,0.000266829039901495,0.9999061226844788,0.9999999097145151,0.00025647427537478507,0.9999374151229858,0.9999998555745828
0.6010855154819739,0.9789065947478593,0.9768432807673557,0.0021144691959340363,0.8477568493992567,0.555,5.58850252041986,145500,2.0865898022748297e-06,3.943151114071952e-06,0.9999263537573451,3.580236125344527e-06,0.9999318954665679,0.0002628345100674778,0.9998435378074646,0.9999999277716121,0.00024749545264057815,0.9999061226844788,0.9999999187607029
0.6009950404139003,0.9790274541139716,0.9769481650346851,0.0021759191270303855,0.8479270824859385,0.5575,5.614452524746131,146000,1.8924363303085556e-06,3.7466038520506117e-06,0.9999354307444,3.331279458507197e-06,0.9999416450047995,0.00039050751365721226,0.9999061226844788,0.9999998013719331,0.0002449013409204781,0.9999374151229858,0.9999999277872914
0.6007178672799288,0.9789074361676348,0.9768234174057868,0.0020572785695176783,0.8473769196822898,0.5675,5.6968962277386135,146500,3.2372315672546392e-06,5.542975941352779e-06,0.9998981545738433,5.1122460718033835e-06,0.9999067814962661,0.000615420110989362,0.9997496604919434,0.9999995937153177,0.00020251760724931955,0.9999374151229858,0.9999999007075256
0.600567321654199,0.9790015686126193,0.9769222385651064,0.0021556366179878847,0.8474591291637008,0.5675,5.648929138966151,147000,1.5454143067472614e-06,3.9130977711465675e-06,0.9999228406256819,3.483825821604114e-06,0.9999303886491718,0.00033930796780623496,0.9999374151229858,0.9999997742862876,0.0001702161243883893,0.9999374151229858,0.9999999819468229
0.6004629661188701,0.9789619541131722,0.9768821820642424,0.0021153019240332965,0.8472694486637891,0.57,5.609774438876127,147500,3.911282419721829e-06,4.890637228527339e-06,0.9999166247747112,4.566942607198143e-06,0.9999226834935983,0.0004369746893644333,0.9998748302459717,0.9999997742862876,0.0002673912385944277,0.9999687075614929,0.9999998646011714
0.5993407933139568,0.978825667438615,0.9766734495074141,0.002183307773537325,0.8472657273483525,0.5675,5.56331824626767,148000,2.332240455871215e-06,4.3371492211008444e-06,0.9999176175892146,3.963590643252246e-06,0.9999237550449215,0.0003777570673264563,0.9999061226844788,0.9999998916574181,0.0001698047562967986,0.9999687075614929,0.9999999638936456
0.599364245385672,0.9788265902310743,0.9766769388180748,0.0022364516080439463,0.8471763726734585,0.56875,5.534980205027283,148500,1.9741216874535894e-06,4.157756848144345e-06,0.999933817296622,3.916670266335132e-06,0.9999398565269356,1.5681685908930376e-05,1.0,1.0,4.349563459982164e-05,0.9999687075614929,1.0
0.5992976207611699,0.9787885289116522,0.9766334209564687,0.0020950764281283075,0.8468869568841579,0.575,5.514994019116586,149000,3.3454966796853114e-06,5.325778602127684e-06,0.9999044661818617,4.937147423333954e-06,0.9999107940956713,1.8030959836323746e-05,1.0,1.0,6.06543108006008e-05,0.9999687075614929,1.0
0.5992432121573267,0.9787601143862299,0.9766192317137288,0.0021689371743781245,0.8467289702552229,0.575,5.514153614132935,149500,2.6274722131347517e-06,3.922888481611153e-06,0.9999260047053757,3.552049975041882e-06,0.999932575171549,3.3864380384329706e-05,1.0,1.0,3.186472531524487e-05,1.0,1.0
0.599032650456627,0.9787302344025808,0.9765708334908689,0.002147053504734064,0.8467154855943242,0.57,5.5121873651506705,150000,1.7481669374319608e-06,4.571755198412575e-06,0.9999219385051653,4.301819899410475e-06,0.9999281442614195,2.4834864234435372e-05,1.0,1.0,4.75443375762552e-05,0.9999687075614929,1.0
0.5990044992267991,0.9787981439179502,0.9766685985988751,0.0022125420184627583,0.8468151216291656,0.5675,5.512667471189518,150500,2.6701841306930874e-06,4.276225354260532e-06,0.9999265951191765,3.859249773086049e-06,0.9999324850347331,1.2803321624232922e-05,1.0,1.0,2.1729552827309817e-05,1.0,1.0
0.5987297534467506,0.9787759713676566,0.9766429429301521,0.002187555135832577,0.8465854915413346,0.5675,5.512801605559304,151000,2.5535352961014723e-06,4.3194177123950794e-06,0.9999182232655308,4.03363128498313e-06,0.9999232996606832,2.2396136046154425e-05,1.0,1.0,2.3134381990530528e-05,1.0,0.9999999999999999
0.5986309992805448,0.9787784932996524,0.9766538913637136,0.0021962418429040333,0.8464199101938035,0.5625,5.481202855542679,151500,3.997477051598253e-06,5.7510706028551795e-06,0.9998902481119182,5.276495357975364e-06,0.9998974168654238,2.6704903575591743e-05,1.0,1.0,2.9737579097854905e-05,1.0,1.0
0.5984307031779792,0.9787823206028914,0.9766580358760791,0.0020672619572409054,0.8463754993916329,0.5725,5.513330701901828,152000,1.3500924751497223e-06,3.7090119349159067e-06,0.9999305473956978,3.290692120572203e-06,0.9999370855859291,3.1030889658723027e-05,1.0,1.0,2.5043540517799556e-05,1.0,1.0
0.598171769344336,0.9787720500775274,0.9766532207686766,0.002179058504142323,0.8462800171999052,0.5725,5.575338139784167,152500,2.899694663938135e-06,5.635492470901227e-06,0.9999210453823678,5.288409738568589e-06,0.9999289038932848,6.362271960824728e-05,0.9999687075614929,1.0,4.139647717238404e-05,0.9999687075614929,1.0
0.5981116488466279,0.9787985232650095,0.9766741212337138,0.0020970112080160013,0.8463460372103567,0.57,5.5718850036506735,153000,2.47413868237345e-06,3.891706455760868e-06,0.9999240647146761,3.518176754369051e-06,0.9999307897084556,4.896761674899608e-05,1.0,1.0,1.7296872101724148e-05,1.0,0.9999999999999999
0.5977638256699477,0.9788287423428542,0.9767218771610603,0.0021704614923086984,0.8465195098038477,0.5675,5.617270394941165,153500,3.265231043769745e-06,4.667608209274476e-06,0.9999093766974062,4.254277882864699e-06,0.9999167865943109,5.720074841519818e-05,1.0,1.0,7.270136120496318e-05,0.9999687075614929,1.0
0.597596368315018,0.9788279819393595,0.9767292280324069,0.0020784207643567963,0.8461914712518528,0.56,5.536513339941173,154000,3.2883995118027087e-06,4.510073267738335e-06,0.9999114360456605,4.194404937152285e-06,0.999916872472991,9.741984831634909e-05,1.0,1.0,4.4234489905647933e-05,1.0,1.0
0.5974928028792159,0.9788559581935461,0.9767449165159402,0.0020720408666710806,0.8461809922626872,0.56625,5.580259387813799,154500,2.0807435703318333e-06,4.603761681210017e-06,0.9999407371435939,4.322698714531725e-06,0.999946362269767,3.2168987672775984e-05,1.0,1.0,4.56835150544066e-05,0.9999687075614929,0.9999999999999999
0.5973841283716943,0.9788340077900718,0.9767171374151493,0.00214692884386067,0.8461445281345504,0.55875,5.56689318678722,155000,3.906571237166645e-06,4.526801149040693e-06,0.9999165758621172,4.193637323623989e-06,0.9999219531703251,5.0144633860327303e-05,1.0,1.0,4.131013702135533e-05,0.9999687075614929,1.0
0.5970686266299687,0.9788419184056543,0.9767203548450126,0.0020634984309087947,0.845873422714656,0.55875,5.590206635586703,155500,3.0231012715375982e-06,4.575819730234798e-06,0.9999086786273778,4.220338723825989e-06,0.9999160728108286,2.6302315745851956e-05,1.0,1.0,4.499235365074128e-05,0.9999687075614929,1.0
0.5969452224940944,0.9788330568986948,0.9766981196959502,0.0021260080106148935,0.8458869204556352,0.57375,5.586443060714202,156000,2.7535713797988137e-06,4.935690412821714e-06,0.9999101449391855,4.651962171919877e-06,0.999915531135293,2.6764610083773732e-05,1.0,1.0,3.610241401474923e-05,1.0,1.0
0.5967411799534834,0.9788913205803502,0.9767838116871934,0.0020949970966075296,0.8457424415676872,0.56125,5.6214491085763205,156500,1.8084285784425447e-06,3.6372071008372586e-06,0.9999307100729073,3.240870000809082e-06,0.9999372561251956,3.4606353437993675e-05,1.0,1.0,2.0338575268397108e-05,1.0,1.0
0.5965907494871427,0.9788682258238207,0.9767454324549725,0.002054552179990464,0.8456198931332887,0.55875,5.630640144560757,157000,3.8411626519518904e-06,4.713457656180253e-06,0.9999158092890025,4.396334588818718e-06,0.9999205925070725,8.384451211895794e-05,0.9999374151229858,1.0,3.173450750182383e-05,1.0,1.0
0.5957788241301805,0.9787119504438841,0.976564499754795,0.002117439602956317,0.8449545318746076,0.56375,5.5401680002414215,157500,2.5892334178934107e-06,4.676566277339589e-06,0.9999121384813436,4.2409615161886904e-06,0.9999182067794721,0.01102171279489994,0.9971213936805725,0.9999874864317845,0.014350148849189281,0.99693363904953,0.9999731910319325
0.5957801006046014,0.9786489186665841,0.9765102163157394,0.00214069395004938,0.8451015019718381,0.565,5.562644734572929,158000,2.2865383471071254e-06,3.732714731086162e-06,0.999928856183186,3.260476660216227e-06,0.9999367342906641,6.025129096087767e-06,1.0,1.0,3.5621698771137744e-05,0.9999687075614929,1.0
0.5956750746865394,0.9787185527582147,0.9765984446096402,0.002087132833878278,0.8448162716918075,0.565,5.565808954528755,158500,5.486630016093841e-06,5.698972927348223e-06,0.9998875070081872,5.357142072170973e-06,0.9998939705937294,9.772820703801699e-06,1.0,1.0,1.3737446352024563e-05,1.0,1.0
0.5955828129238837,0.9787412155902557,0.976609915786718,0.0021276054748266267,0.8449327375695318,0.56875,5.5799363035341605,159000,1.2490348808569252e-06,3.1213851343636634e-06,0.9999432691591391,2.7206256163481157e-06,0.9999495083775495,5.7690340327098966e-06,1.0,1.0,2.792361192405224e-05,1.0,1.0
0.5953163169929003,0.9786644040113661,0.9765343361777863,0.0020099038337107263,0.8447204045194253,0.55875,5.580531772266568,159500,4.298298790672561e-06,6.43359408059041e-06,0.9998765504356542,6.127929282229161e-06,0.9998820966418359,8.81254436535528e-06,1.0,0.9999999999999999,4.90717138745822e-05,0.9999687075614929,1.0
0.5952185117102987,0.9787150617552128,0.9765803122132308,0.0020285546308499896,0.8444917247743204,0.56625,5.5850087109393876,160000,1.3034552921453724e-06,3.256430090914364e-06,0.9999378724068044,2.869838226615684e-06,0.9999443342134232,7.98932887846604e-06,1.0,0.9999999999999999,1.944186988112051e-05,1.0,1.0
0.5951515090839667,0.9787161736092571,0.9765966546244391,0.0020803646289177806,0.8443215993143859,0.56,5.581035616399468,160500,1.2347168194537517e-06,3.489377377263736e-06,0.9999339342209296,3.096812179137487e-06,0.9999404029102584,7.53993435864686e-06,1.0,1.0,2.6651388907339424e-05,1.0,0.9999999999999999
0.5949812298143062,0.9786670459705741,0.9765162395585509,0.0021481567218302883,0.8442488303542426,0.5575,5.560564634533239,161000,2.225444177383906e-06,3.3713113225530833e-06,0.999936311553746,3.0616527055826737e-06,0.9999419499567248,9.828175279835705e-06,1.0,0.9999999999999999,1.041820905811619e-05,1.0,1.0
0.5948036414571766,0.9786487473979905,0.9765246421697548,0.0021770167804174793,0.8440224073880211,0.5625,5.59019549798167,161500,2.2065842131269164e-06,3.8735452108085155e-06,0.9999294582592568,3.473079232207965e-06,0.9999351916348487,1.379550030833343e-05,1.0,1.0,5.593458627117798e-05,0.9999687075614929,1.0
0.5946371324596893,0.9787245576924746,0.9765958856056152,0.0020957786591571897,0.8441200174053178,0.56625,5.620179893203751,162000,5.231975592323579e-06,6.890386430313811e-06,0.9998965358374896,6.54959148960188e-06,0.9999018021303546,1.9065651940763928e-05,1.0,0.9999999999999999,2.5270072001148947e-05,1.0,1.0
0.594488630688611,0.9787573372325945,0.9766282157879557,0.0020656373730967474,0.8438932747674451,0.55625,5.593911271128341,162500,2.381831109232735e-06,3.831562935374677e-06,0.9999249239737351,3.469438070169417e-06,0.9999310381930331,1.0741047844931018e-05,1.0,1.0,2.7702571969712153e-05,1.0,1.0
0.5942507358580853,0.9787209013887452,0.9765852433251103,0.00208799892490718,0.8437584030716593,0.5525,5.641961548934286,163000,3.264777888034587e-06,3.928571914002532e-06,0.9999244698728376,3.547073902154807e-06,0.9999319954592361,5.123543451190926e-05,0.9999687075614929,1.0,7.869670662330464e-05,0.9999687075614929,1.0
0.5941959658404768,0.9787815932501416,0.9766470732642623,0.002127497903064467,0.8437800301088754,0.56375,5.610027496550938,163500,1.5746273902550456e-06,3.857493993564276e-06,0.9999390604139443,3.499071908663609e-06,0.999945935374768,1.316614361712709e-05,1.0,1.0,4.2392748582642525e-05,0.9999687075614929,1.0
0.5940103370220341,0.9787336827836637,0.9766098545247239,0.0020459433802204907,0.8438027261492553,0.5575,5.609904346917144,164000,1.9180397430318408e-06,4.023594556201715e-06,0.9999309278228369,3.5965022107120603e-06,0.999938183218424,3.908549479092471e-05,1.0,0.9999999999999999,5.82463871978689e-05,0.9999687075614929,1.0
0.5938598679130884,0.9787481731801898,0.9766208686552652,0.002054230488136168,0.8439188063255135,0.56875,5.586991235947628,164500,5.707323452952551e-06,4.7962012104108e-06,0.9999093653381202,4.44807574240258e-06,0.9999148969885764,3.7574493035208434e-05,1.0,1.0,0.0001143643821706064,0.9999374151229858,1.0
0.5936156100782778,0.9786825105305675,0.9765336299331814,0.002073813055705726,0.8436598315220625,0.57125,5.554305924612201,165000,2.3995501123863505e-06,3.764758275792701e-06,0.9999291749179944,3.4483377930882853e-06,0.9999362067988664,6.4970510720741e-05,0.9999687075614929,1.0,6.14552918705158e-05,0.9999687075614929,1.0
0.5934371566902454,0.9787117926212711,0.976579110035425,0.002175805776274689,0.8437498993348874,0.56625,5.5809356951782325,165500,3.70185739484441e-06,5.510507435246836e-06,0.9998935362253409,5.19137802257319e-06,0.9998987211565338,0.00011939904652535915,0.9999687075614929,1.0,0.00011014921619789675,0.9999374151229858,1.0
0.5932845533074548,0.9786672907514559,0.976537854649389,0.0021417793920683876,0.8435302758042618,0.5725,5.574112895977249,166000,4.469763553061057e-06,5.165599759493489e-06,0.9999129928995487,4.799565886060009e-06,0.9999183873570985,0.00024408941681031138,0.9999061226844788,0.9999999277716121,0.00012401212006807327,0.9999061226844788,1.0
0.5930335816494687,0.9787940204552549,0.9766851000974638,0.0021434349713018285,0.8435332441544471,0.5625,5.595158779171303,166500,2.3093473373592133e-06,4.201007413939806e-06,0.9999164819820645,3.759784249268705e-06,0.9999233786338613,0.00015346657892223448,0.9999374151229858,0.9999999638858059,0.00010622422269079834,0.9999687075614929,1.0
0.5929320754110374,0.9787527330633212,0.97662259009123,0.002131147960807549,0.8433422453528854,0.5675,5.581952280440547,167000,9.113268788496498e-07,3.2516518331249245e-06,0.9999424105712951,2.835262648659409e-06,0.9999497208306326,4.9914659030037e-05,1.0,1.0,6.016759289195761e-05,0.9999687075614929,1.0
0.5927350912341075,0.9787432581429809,0.9766280710258293,0.002085063641938808,0.8431580024702942,0.57125,5.6323496407394416,167500,1.26156203350547e-06,3.2189270768867573e-06,0.9999446978361266,2.7829662485601148e-06,0.9999509054320729,3.0887702450854704e-05,1.0,1.0,5.062978380010463e-05,0.9999687075614929,1.0
0.5925170036974582,0.9787116795727376,0.9765823571764324,0.0020047975250729543,0.8429450864158332,0.55,5.630093775028449,168000,2.417867108306382e-06,5.414956831373274e-06,0.9999168538644447,5.094215794088086e-06,0.9999229704981475,3.7842135498067364e-05,1.0,1.0,4.473261651583016e-05,0.9999687075614929,1.0
0.5924275612632655,0.9788206550327553,0.9766894460641543,0.0020759974761973914,0.8432733803476339,0.565,5.593575958897007,168500,1.1617984227996203e-06,4.5976626097399276e-06,0.9999348042705248,4.298306521377526e-06,0.9999410004154684,0.00014525605365633965,0.9999374151229858,0.9999999909714514,4.0085851651383564e-05,1.0,1.0
0.5921265314058711,0.9787881118699535,0.9766485171975278,0.002094703437324129,0.8428334657991051,0.565,5.611533863721264,169000,1.1267841273365775e-06,3.3351175261486787e-06,0.9999437990771074,2.940365675385692e-06,0.9999503193398165,8.569148485548794e-05,0.9999374151229858,1.0,6.131333793746307e-05,0.9999687075614929,1.0
0.5921157627207405,0.97880833513675,0.9766908993958404,0.002092843111774635,0.8429427682486711,0.5675,5.593627063723278,169500,1.532132273496245e-06,3.6718179217132274e-06,0.9999290548809546,3.312264880150906e-06,0.999935372124346,5.2335773943923414e-05,0.9999687075614929,1.0,5.447220610221848e-05,1.0,1.0
0.5918800274871935,0.9787432015877736,0.9766022247103725,0.0021416860353690626,0.8428367735872441,0.565,5.593498645745594,170000,2.1557395939453272e-06,4.361145784059772e-06,0.9999234296610289,4.026447186333826e-06,0.9999306964331762,0.00010296301479684189,0.9999374151229858,0.999999981942903,6.51679583825171e-05,1.0,1.0
0.591780575315246,0.9787545089597006,0.9766269396196596,0.0021350857179740315,0.8430262076639025,0.57,5.6065636937681,170500,1.945520807566936e-06,3.529555215209257e-06,0.999934204414316,3.228034074709285e-06,0.9999388021063926,6.216020119609311e-05,1.0,1.0,4.1360868635820225e-05,0.9999687075614929,1.0
0.5915336663912281,0.9787954968635301,0.9766767012679555,0.0020995692886863794,0.8427776852815719,0.56625,5.630128178591996,171000,2.0932923234795453e-06,4.458375769900158e-06,0.9999175495453367,4.17056344304001e-06,0.9999233725205109,7.640057447133586e-05,0.9999687075614929,0.9999999999999999,4.8402671382064e-05,0.9999687075614929,1.0
0.5913191495013308,0.978819950236092,0.9767108671636924,0.002096699368682183,0.8429517720191476,0.5625,5.64059184938168,171500,2.1190542156546144e-06,3.5830646538670408e-06,0.9999338200610648,3.2174173156818142e-06,0.9999388902885612,4.819281821255572e-05,1.0,0.9999999999999999,7.389773236354813e-05,0.9999687075614929,0.9999999909734114
0.591276002278867,0.978780142477426,0.9766825920139259,0.0021430375241279476,0.8426285660099841,0.56375,5.632775866801811,172000,1.6421782902398263e-06,4.354579232312972e-06,0.9999304809781198,3.915947218047222e-06,0.9999377812355764,0.00038360964390449226,0.9998435378074646,0.9999999909714515,4.447873288881965e-05,0.9999687075614929,1.0
0.5909827947400879,0.9788186240530309,0.9767237174863613,0.00212121473770504,0.8424892869280247,0.56625,5.666190014700188,172500,2.0894599401799496e-06,4.201001956971595e-06,0.9999214377345101,3.722778046721942e-06,0.9999286634677912,7.365956844296306e-05,0.9999687075614929,1.0,6.914207187946886e-05,0.9999687075614929,1.0
0.5908483085487238,0.9787723847759735,0.9766887252195072,0.0020851212922303707,0.8424556014239161,0.5675,5.617252078558471,173000,2.1134956114110537e-06,3.6496880966296885e-06,0.9999298656568544,3.3466812965343706e-06,0.9999355292071469,0.00010353385005146265,0.9999687075614929,1.0,2.6162913854932413e-05,1.0,1.0
0.5907296226148678,0.9786517108751227,0.9765398919689007,0.0021032298445264283,0.842355334152715,0.5625,5.590524297471574,173500,4.951968548994046e-06,4.851580797549104e-06,0.9999068016787901,4.356728823040612e-06,0.9999155271058887,0.00015434107626788318,0.9999374151229858,1.0,4.4227646867511794e-05,1.0,1.0
0.5906313830683178,0.9787718961569594,0.9766821515982436,0.0021912573037190988,0.8423072323012075,0.57,5.563832322682319,174000,2.3030966076476034e-06,3.4176432563981507e-06,0.9999357563150528,3.0904868708603317e-06,0.9999407429222361,4.535762855084613e-05,1.0,1.0,3.84906743420288e-05,1.0,1.0
0.5897706329828865,0.9784938999213452,0.9763655758673471,0.0022602474850337345,0.8419849610047645,0.55875,5.557655964666567,174500,8.908379641070496e-06,9.100524039240554e-06,0.999817673103725,8.670140232425183e-06,0.9998287652448306,0.004887463990598917,0.998998761177063,0.9999727337835419,0.005484666209667921,0.999311625957489,0.9998967538798805
0.5897538839693262,0.978659895824478,0.9765294051616389,0.0021732921927087763,0.8423038717410035,0.56,5.567978623228248,175000,1.20651304769126e-06,2.9710879516642308e-06,0.9999449652614861,2.5827880563156214e-06,0.9999511718018125,0.00023568313918076456,0.9999374151229858,0.9999999368001605,0.00019838489242829382,0.9999061226844788,0.9999999729202343
0.5898388120572704,0.9786933015038525,0.976567033031602,0.0021448765253146056,0.8422649498241929,0.5625,5.544967265729431,175500,1.595007120158698e-06,3.426191369726439e-06,0.9999344651504068,3.1616580145055195e-06,0.9999393184775608,8.232668187702075e-05,0.9999687075614929,0.9999999909714515,6.365727313095704e-05,0.9999687075614929,1.0
0.589846382718377,0.9786808550372641,0.9765486928478364,0.002101797858950955,0.842300664579303,0.56625,5.589357404296006,176000,1.477790988246852e-06,3.476033498372999e-06,0.9999334469160216,3.090879999945173e-06,0.9999408031488106,5.060531111666933e-05,0.9999687075614929,1.0,4.3943829950876534e-05,0.9999687075614929,1.0
0.5896502283613332,0.9786174375692819,0.9764741495586888,0.0020897015621008435,0.8419666385731394,0.5725,5.591920513517014,176500,3.05538969769259e-06,3.7954746403556783e-06,0.999929107652943,3.4372187656117603e-06,0.9999349208140818,8.153325325110927e-05,0.9999374151229858,0.9999999909714515,8.924239227781072e-05,0.9999374151229858,0.9999999909734115
0.589561405461039,0.9786750660421931,0.9765339542085991,0.00212006103874018,0.8419060159956112,0.57,5.582179273120604,177000,1.6708536350051872e-06,3.742881290236255e-06,0.9999333979786157,3.4319766655244166e-06,0.99993986875961,4.0955801523523405e-05,1.0,1.0,3.966373697039671e-05,1.0,1.0
0.5893761504264023,0.9787290765739561,0.9766005174751955,0.00203166943601514,0.8417051810326553,0.56875,5.5605208620519635,177500,2.2605227059102617e-06,4.282050213078037e-06,0.9999165380051824,3.987734544352861e-06,0.999920666064582,2.471748666721396e-05,1.0,1.0,2.471415609761607e-05,1.0,1.0
0.5892558366454472,0.978654524578072,0.9765087644389483,0.0021548083087745344,0.8415999482442864,0.56375,5.622459413375067,178000,1.51600897879689e-06,3.2944415124802617e-06,0.9999423353975949,2.950027692349977e-06,0.9999486327846402,2.9578008252428845e-05,1.0,1.0,2.8546648536575958e-05,1.0,1.0
0.5889134861578033,0.9786494706332296,0.9764970305611026,0.0020680831249934787,0.8412362497036617,0.56,5.5990908201889065,178500,1.3970325198897626e-06,3.248969278502045e-06,0.9999380356747277,2.8742501854139846e-06,0.9999441434032588,3.17965641443152e-05,1.0,1.0,4.076844925293699e-05,0.9999687075614929,1.0
0.5888893693869394,0.9786079855426764,0.9764632339745812,0.002162435739841706,0.8413168359890447,0.5525,5.624343727458773,179000,1.6471376511617564e-06,3.884088073391467e-06,0.9999276627560583,3.486279865683173e-06,0.9999343530703313,2.1951411326881498e-05,1.0,1.0,1.7376425603288226e-05,1.0,0.9999999999999999
0.5887076614720819,0.978677805174001,0.9765538765632067,0.0022704435152151345,0.8412486765056424,0.56,5.5512114229108285,179500,4.180795713182306e-06,4.4010375859215856e-06,0.9999251318471352,4.047901256853947e-06,0.9999312166165037,6.849488272564486e-05,1.0,1.0,7.78605171944946e-05,0.9999687075614929,1.0
0.588619872878722,0.9786579498602764,0.9765427212288511,0.0022079902652384397,0.8412093432013918,0.56375,5.555924967794202,180000,2.3682521259615896e-06,3.764679149753647e-06,0.9999348897842822,3.4374354527244577e-06,0.9999398850781133,1.6944224626058713e-05,1.0,1.0,4.144448394072242e-05,0.9999687075614929,0.9999999999999999
0.5884847993921236,0.9785942780561395,0.9764517023761836,0.0021700021964061278,0.841074444582871,0.5625,5.582845686474825,180500,4.304893536755117e-06,4.751053438667441e-06,0.9999145835636003,4.314444595365785e-06,0.9999212267346587,2.9227439881651662e-05,1.0,1.0,2.416358984191902e-05,1.0,1.0
0.5883808097476617,0.9787407057009313,0.9766183389612942,0.002078194306215898,0.8412092742484848,0.565,5.555367103258063,181000,1.875735847534088e-06,3.924595603166381e-06,0.9999274798295464,3.4680213047977304e-06,0.9999345711392352,3.2405430829385296e-05,1.0,1.0,3.105897849309258e-05,1.0,1.0
0.5882306728251765,0.9786592779952618,0.9765377822440957,0.002148714814571583,0.8411693557961103,0.56625,5.55105146818291,181500,3.777431174967205e-06,8.417646313318983e-06,0.9999054835335767,7.971537343109958e-06,0.9999134457754315,4.290327706257813e-05,1.0,1.0,4.3326122977305204e-05,0.9999687075614929,1.0
0.5880794681564709,0.978701997795108,0.9765729450056579,0.002107846022071021,0.8411501608380682,0.56875,5.564155266202228,182000,9.557841167406878e-07,3.136841314699268e-06,0.9999432655233297,2.8030988232785603e-06,0.9999488977728932,4.265519601176493e-05,0.9999687075614929,1.0,2.8720080081257038e-05,1.0,1.0
0.5879364832274374,0.9786841550175437,0.9765651562879871,0.0021933913153993766,0.8410838211767753,0.57,5.571247853252637,182500,2.1169382762309397e-06,3.8852649595355615e-06,0.9999304735037761,3.4890533697762294e-06,0.9999373239589051,3.2980457035591826e-05,1.0,1.0,5.892423359910026e-05,0.9999687075614929,1.0
0.5877472439845699,0.9786465959677174,0.9765155717084186,0.0022278389102169866,0.8408426486383714,0.57,5.581408716895944,183000,3.388271125004394e-06,6.055147423467133e-06,0.9998813419845741,5.8071168496098835e-06,0.9998890139321459,4.313733006711118e-05,1.0,1.0,6.026634946465492e-05,0.9999687075614929,1.0
0.5876075957730833,0.9787065404498707,0.9765761139985594,0.0022227717532086436,0.8410506908356995,0.56625,5.61048583134511,183500,2.9412876756396145e-06,5.482793312694412e-06,0.9999188472841042,5.232347575656604e-06,0.9999259177053452,3.854303577099927e-05,0.9999687075614929,1.0,4.997794167138636e-05,0.9999687075614929,1.0
0.5873965660119278,0.9786567216867831,0.9765369639017457,0.0022692870489924247,0.8407001400059031,0.565,5.6066001217460775,184000,4.531505055638263e-06,4.820868525712285e-06,0.9999046844354776,4.572135367197916e-06,0.9999074899467868,0.00013458797184284776,0.9999374151229858,0.9999999819429031,5.254411371424794e-05,0.9999687075614929,1.0
0.5872721451864893,0.9786793375246555,0.9765578581786803,0.002223051960611281,0.8408237904021197,0.56875,5.616037489725563,184500,1.6127615936056827e-06,3.264943643443985e-06,0.9999412698549524,2.9015884592809016e-06,0.9999468327564365,3.9864251448307186e-05,1.0,1.0,3.1532887078356e-05,1.0,1.0
0.587092704751078,0.9787106618373559,0.9765768599285382,0.0021883934989474466,0.8407418018014531,0.5625,5.578318570118785,185000,1.8149348761653528e-06,4.000140052085044e-06,0.999926185698744,3.617477204898023e-06,0.9999330154283601,2.6708617951953784e-05,1.0,1.0,1.2799841897503939e-05,1.0,1.0
0.5869546060960913,0.9786852857405451,0.9765375922193542,0.0021488605081267194,0.8406279828962985,0.55875,5.605936496111255,185500,1.425991058567888e-06,3.680044073917088e-06,0.9999432266297055,3.342194304423174e-06,0.9999486593300755,1.7455655324738473e-05,1.0,1.0,3.5969787859357893e-05,0.9999687075614929,1.0
0.5869074831010601,0.9786956859999687,0.976574421064905,0.0021064694299994936,0.8404179543306922,0.5675,5.6094040635304205,186000,1.6201037169594201e-06,3.558573098416673e-06,0.9999341738195349,3.2135167202795856e-06,0.9999397241718491,5.005191997042857e-05,1.0,1.0,1.162631087936461e-05,1.0,1.0
0.5866395921411554,0.9786698619739287,0.9765487914407307,0.002144745844946828,0.8402361746334454,0.565,5.602913542427888,186500,3.2520638342248276e-06,4.37479548054398e-06,0.9999275435146618,3.972589638578938e-06,0.9999345218039157,2.5529350750730373e-05,1.0,1.0,1.0339427717553917e-05,1.0,1.0
0.5866055563804677,0.9787224412090519,0.9766148499042913,0.0021668488443457885,0.8403177927184444,0.56625,5.607917394456786,187000,1.4939481616238481e-06,3.685274577946984e-06,0.9999315248082777,3.3585267829039367e-06,0.9999367029000554,3.349565668031573e-05,1.0,1.0,1.099485598388128e-05,1.0,1.0
0.5864243816561562,0.9787217662229053,0.9766131230290407,0.0022011337197982016,0.8405386958857034,0.5725,5.5966090222055405,187500,1.6549419115108321e-06,3.931585524696857e-06,0.999922680226505,3.5061248127021827e-06,0.9999290181807943,4.511923543759622e-05,0.9999687075614929,1.0,7.887948413554113e-06,1.0,1.0
0.5863225166975621,0.978706575521409,0.9765938331343174,0.0021868251095625577,0.8404662897042391,0.56875,5.652937475999919,188000,2.22286575990438e-06,4.579631422529928e-06,0.9999136963925064,4.116380296181887e-06,0.9999216245859129,5.0351816753391176e-05,0.9999687075614929,1.0,1.717343184282072e-05,1.0,1.0
0.5862094867828191,0.9787161689353602,0.9765915368607073,0.0020988858464019277,0.8401388828210011,0.575,5.575796212939768,188500,1.7161646610475145e-06,3.1535896596324164e-06,0.9999398583082856,2.770378614513902e-06,0.9999468503445875,1.678701664786786e-05,1.0,1.0,1.0164281775359996e-05,1.0,1.0
0.5860588779337217,0.9786809437700893,0.9765436574436539,0.002050056642071306,0.8401261748642278,0.5725,5.586263852543884,189000,2.0444290385057684e-06,4.15259864894324e-06,0.9999381798422438,3.693933649628889e-06,0.999943610997182,2.128530468326062e-05,1.0,1.0,1.054046515491791e-05,1.0,1.0
0.5858901883832551,0.9787399218944792,0.9766141077885451,0.0021285698641450115,0.8399847405398212,0.5675,5.602098042766064,189500,1.697783204690495e-06,3.3188443921972066e-06,0.9999419288562011,2.931978769993293e-06,0.9999480338924296,3.346866287756711e-05,1.0,1.0,9.882405720418319e-06,1.0,1.0
0.585786942710856,0.9787177336144223,0.9765992237935113,0.0021938456940819727,0.8399489873412996,0.56875,5.59478443959484,190000,2.872513505280949e-06,4.189788342046086e-06,0.9999326980102728,3.7844331473024795e-06,0.9999390210802975,3.5675722756423056e-05,1.0,1.0,1.5194975276244804e-05,1.0,1.0
0.5856568507574468,0.9787476966813339,0.9766304409025549,0.002073237729627048,0.8399748072954073,0.5725,5.582640992066976,190500,1.4203609453034005e-06,3.170670879626414e-06,0.9999412049295966,2.7629009764496004e-06,0.9999478380033983,2.4892004148568958e-05,1.0,1.0,2.135282011295203e-05,1.0,1.0
0.5855300361916456,0.9787709726176514,0.976667734674356,0.0022038838075461686,0.8399402768056343,0.57,5.571210630482039,191000,2.3998229607968824e-06,4.557791726256255e-06,0.9999282748667208,4.092733888683142e-06,0.9999350485980317,5.486646114150062e-05,1.0,1.0,3.981461486546323e-05,0.9999687075614929,1.0
0.5853032234495024,0.9787621958831355,0.9766594595789859,0.0022082827115528824,0.8398158269351743,0.575,5.5583825574022985,191500,1.474221335229231e-06,3.571074103092542e-06,0.9999357045491517,3.212114506823127e-06,0.99994201288562,6.262887472985312e-05,0.9999687075614929,0.9999999909714515,1.7090847904910333e-05,1.0,1.0
0.5852357302669063,0.9787187823162221,0.9765923772948991,0.002177214626958313,0.83966954538985,0.565,5.552440428401231,192000,2.0479969862208236e-06,4.377821369416779e-06,0.9999400300945013,3.920751169061987e-06,0.9999458186572283,2.5777309929253533e-05,1.0,1.0,1.2787278137693647e-05,1.0,1.0
0.5850791841770295,0.9787428551533853,0.9766235428944843,0.0021292555975208887,0.8395786675533055,0.57375,5.550881979648716,192500,1.0479122920514783e-06,2.893539885917562e-06,0.9999470539722759,2.49193681156612e-06,0.9999529914528567,3.873037712764926e-05,1.0,1.0,8.055742910073604e-06,1.0,1.0
0.5848958957247108,0.9786515304990528,0.976522548887701,0.002164641132800938,0.8394191715837919,0.56875,5.594274574097566,193000,2.6231380161334528e-06,5.087008048576536e-06,0.9999075481742665,4.652918505598791e-06,0.9999142980290975,2.2802378225605935e-05,1.0,1.0,1.6217574739130214e-05,1.0,1.0
0.5848226780179346,0.9786503350839324,0.9765062852701822,0.002197653474349087,0.8394652036971204,0.5675,5.589079932700244,193500,1.40944678150845e-06,3.352219664520817e-06,0.9999357135595525,2.9238019578770036e-06,0.9999428421674457,3.346256562508643e-05,1.0,1.0,1.5920888472464867e-05,1.0,1.0
0.5847553562355428,0.9785752033565516,0.9764370756138675,0.0022314590612898923,0.8392709239944174,0.5675,5.523795518915928,194000,4.9297718760499265e-06,6.657767244178103e-06,0.9998790476187759,6.321360160654876e-06,0.9998873454825001,6.311525066848844e-05,1.0,1.0,3.501056562527083e-05,1.0,1.0
0.5840772677540393,0.9785407292368804,0.9763848524071379,0.0021211920043223173,0.8389622778446204,0.56625,5.551610682880771,194500,2.4549412955821026e-06,3.645869583124295e-06,0.9999291966521668,3.2964687761705136e-06,0.9999356944434099,7.734196697128937e-05,0.9999687075614929,1.0,2.7727570341085084e-05,1.0,1.0
0.5840999729238321,0.9785380668990169,0.9763773729701903,0.00219663422100908,0.8389227784343783,0.56875,5.533326116299961,195000,1.776361500560597e-06,3.6061212540516863e-06,0.9999359011446862,3.300806838524295e-06,0.9999423054529653,7.908156840130687e-05,0.9999687075614929,0.9999999909714514,1.4929550161468796e-05,1.0,1.0
0.5840266672166484,0.9785493256360743,0.9763809857014399,0.002228277198617173,0.8387456991295221,0.56625,5.559881687839142,195500,2.9490829547285102e-06,3.6816716146859108e-06,0.999928683395386,3.2924760944297304e-06,0.9999353673994661,0.00012635452731046826,0.9999687075614929,0.9999999909714515,1.2220164535392541e-05,1.0,1.0
0.5837893259044491,0.978540200245733,0.9763700850322801,0.0021547291975758725,0.8387745646412975,0.57,5.6000471378552685,196000,3.156813590976526e-06,5.000311375624733e-06,0.9999049996077185,4.607024493452627e-06,0.9999105602833549,7.142733375076205e-05,0.9999687075614929,0.9999999909714514,1.321256877417909e-05,1.0,1.0
0.583795970286594,0.9784709374258821,0.9763126930135495,0.0022026218622095747,0.8387380907583843,0.56875,5.562895213993644,196500,1.457409894101147e-06,3.205480879842071e-06,0.9999407880448369,2.8514914447441697e-06,0.9999467035197799,0.00025438389275223017,0.9999374151229858,0.9999998916574181,9.572461749485228e-06,1.0,1.0
0.5836272325517791,0.9785401408631943,0.9764017736183677,0.002199584415466861,0.8387412640151272,0.57125,5.552933749832192,197000,1.3070279010207742e-06,3.471645868557971e-06,0.9999364307919258,3.1213262445817236e-06,0.9999416168428052,0.0003842009464278817,0.9999374151229858,0.9999995124583811,1.1522502973093651e-05,1.0,1.0
0.583548789430817,0.9784883605227055,0.9763382899128903,0.0022252476792664027,0.8385824167824647,0.575,5.56020378991098,197500,1.3684773421118734e-06,3.335608653287636e-06,0.9999426148631047,2.9746868221991463e-06,0.9999490781187554,0.0002186717902077362,0.9999687075614929,0.999999873600321,4.811628059542272e-06,1.0,1.0
0.5834147371789902,0.9785733042027279,0.9764547511001899,0.002214687585328973,0.8386017349561127,0.56875,5.550461583105607,198000,1.824450464482652e-06,3.794042640947737e-06,0.9999304008494299,3.4382303510938073e-06,0.9999372485180607,0.00017061644757632166,0.9999687075614929,0.999999945828709,7.116474534996087e-06,1.0,1.0
0.5833694775436322,0.9785774173870377,0.976456488558191,0.002268478081244353,0.8384891975789778,0.5725,5.504685100359797,198500,2.2683134375256486e-06,3.7181359857640928e-06,0.9999293355313833,3.3851729313028045e-06,0.9999352961226546,0.00017606496112421155,0.9999687075614929,0.9999999187430636,1.0194639799010474e-05,1.0,1.0
0.5832431215048479,0.9784903138135883,0.9763402685651148,0.002236890712381278,0.8383350244571595,0.57125,5.535225249696836,199000,2.802436483761994e-06,4.904706202069065e-06,0.9999106125993813,4.5756737563351635e-06,0.9999152807711476,0.00010620227112667635,0.9999687075614929,0.9999999819429031,7.978585017553996e-06,1.0,1.0
0.5830931620869144,0.9785144219252598,0.9763527087199233,0.002154993452049652,0.838425979048564,0.5725,5.515218066583469,199500,3.3621058719290886e-06,4.569646080199163e-06,0.9999105840612528,4.1928733480744995e-06,0.9999159269493763,0.00017844390822574496,0.9999687075614929,0.9999999187430635,9.686204066383652e-06,1.0,1.0
0.5829104380264194,0.9784862889450155,0.9763320004241847,0.002246916859855462,0.8381442439043695,0.57375,5.545922350280697,200000,1.5949700582496007e-06,3.2243124223896302e-06,0.9999396750703354,2.805853000609204e-06,0.9999470578095976,0.00013020652113482356,0.9999374151229858,0.9999999909714515,4.809372967429226e-06,1.0,1.0
